Workbook

Sheet ИТОГО
A1: Продукт | B1: Ед. измерения | C1: Грамм в 1 упаковке | D1: Рублей за упаковку | E1: Срок | F1: ИТОГ ед. измерения | G1: ИТОГ УПАКОВОК | H1: =CONCATENATE("ЦЕНА ВСЕГО: ",SUM(H2:H183)) -> #VALUE! | I1: 45506 | J1: 45507 | K1: 45508 | L1: 45509 | M1: 45510 | N1: 45511 | O1: 45512 | P1: 45513 | Q1: 45514 | R1: 45515
A2: ='список продуктов'!A2 -> Баклажан | B2: ='список продуктов'!B2 -> г | C2: ='список продуктов'!C2 -> 1000 | D2: ='список продуктов'!D2 | E2: ='список продуктов'!E2 -> Краткосрочный | F2: =SUM(I2:R2) -> #N/A | G2: =IFERROR(CEILING(F2/C2,1),"Введите занчения") -> Введите занчения | H2: =IFERROR(G2*D2,"Введите занчения") -> Введите занчения | I2: =SUMIF('02.08'!$B$4:$B$11,A2,'02.08'!$C$4:$C$11)+SUMIF('02.08'!$D$4:$D$11,A2,'02.08'!$E$4:$E$11)+SUMIF('02.08'!$F$4:$F$11,A2,'02.08'!$G$4:$G$11)+SUMIF('02.08'!$H$4:$H$11,A2,'02.08'!$I$4:$I$11)+SUMIF('02.08'!$J$4:$J$11,A2,'02.08'!$K$4:$K$11)+SUMIF('02.08'!$L$4:$L$11,A2,'02.08'!$M$4:$M$11)+SUMIF('02.08'!$N$4:$N$11,A2,'02.08'!$O$4:$O$11) -> 0 | J2: =SUMIF('03.08'!$B$4:$B$11,A2,'03.08'!$C$4:$C$11)+SUMIF('03.08'!$D$4:$D$11,A2,'03.08'!$E$4:$E$11)+SUMIF('03.08'!$F$4:$F$11,A2,'03.08'!$G$4:$G$11)+SUMIF('03.08'!$H$4:$H$11,A2,'03.08'!$I$4:$I$11)+SUMIF('03.08'!$J$4:$J$11,A2,'03.08'!$K$4:$K$11)+SUMIF('03.08'!$L$4:$L$11,A2,'03.08'!$M$4:$M$11)+SUMIF('03.08'!$N$4:$N$11,A2,'03.08'!$O$4:$O$11) -> 0 | K2: =SUMIF('04.08'!$B$4:$B$11,A2,'04.08'!$C$4:$C$11)+SUMIF('04.08'!$D$4:$D$11,A2,'04.08'!$E$4:$E$11)+SUMIF('04.08'!$F$4:$F$11,A2,'04.08'!$G$4:$G$11)+SUMIF('04.08'!$H$4:$H$11,A2,'04.08'!$I$4:$I$11)+SUMIF('04.08'!$J$4:$J$11,A2,'04.08'!$K$4:$K$11)+SUMIF('04.08'!$L$4:$L$11,A2,'04.08'!$M$4:$M$11)+SUMIF('04.08'!$N$4:$N$11,A2,'04.08'!$O$4:$O$11) -> 0 | L2: =SUMIF('05.08'!$B$4:$B$11,A2,'05.08'!$C$4:$C$11)+SUMIF('05.08'!$D$4:$D$11,A2,'05.08'!$E$4:$E$11)+SUMIF('05.08'!$F$4:$F$11,A2,'05.08'!$G$4:$G$11)+SUMIF('05.08'!$H$4:$H$11,A2,'05.08'!$I$4:$I$11)+SUMIF('05.08'!$J$4:$J$11,A2,'05.08'!$K$4:$K$11)+SUMIF('05.08'!$L$4:$L$11,A2,'05.08'!$M$4:$M$11)+SUMIF('05.08'!$N$4:$N$11,A2,'05.08'!$O$4:$O$11) -> 0 | M2: =SUMIF('06.08'!$B$4:$B$11,A2,'06.08'!$C$4:$C$11)+SUMIF('06.08'!$D$4:$D$11,A2,'06.08'!$E$4:$E$11)+SUMIF('06.08'!$F$4:$F$11,A2,'06.08'!$G$4:$G$11)+SUMIF('06.08'!$H$4:$H$11,A2,'06.08'!$I$4:$I$11)+SUMIF('06.08'!$J$4:$J$11,A2,'06.08'!$K$4:$K$11)+SUMIF('06.08'!$L$4:$L$11,A2,'06.08'!$M$4:$M$11)+SUMIF('06.08'!$N$4:$N$11,A2,'06.08'!$O$4:$O$11) -> 0 | N2: =SUMIF('07.08'!$B$4:$B$11,A2,'07.08'!$C$4:$C$11)+SUMIF('07.08'!$D$4:$D$11,A2,'07.08'!$E$4:$E$11)+SUMIF('07.08'!$F$4:$F$11,A2,'07.08'!$G$4:$G$11)+SUMIF('07.08'!$H$4:$H$11,A2,'07.08'!$I$4:$I$11)+SUMIF('07.08'!$J$4:$J$11,A2,'07.08'!$K$4:$K$11)+SUMIF('07.08'!$L$4:$L$11,A2,'07.08'!$M$4:$M$11)+SUMIF('07.08'!$N$4:$N$11,A2,'07.08'!$O$4:$O$11) -> 0 | O2: =SUMIF('08.08'!$B$4:$B$11,A2,'08.08'!$C$4:$C$11)+SUMIF('08.08'!$D$4:$D$11,A2,'08.08'!$E$4:$E$11)+SUMIF('08.08'!$F$4:$F$11,A2,'08.08'!$G$4:$G$11)+SUMIF('08.08'!$H$4:$H$11,A2,'08.08'!$I$4:$I$11)+SUMIF('08.08'!$J$4:$J$11,A2,'08.08'!$K$4:$K$11)+SUMIF('08.08'!$L$4:$L$11,A2,'08.08'!$M$4:$M$11)+SUMIF('08.08'!$N$4:$N$11,A2,'08.08'!$O$4:$O$11) -> 0 | P2: =SUMIF('09.08'!$B$4:$B$11,A2,'09.08'!$C$4:$C$11)+SUMIF('09.08'!$D$4:$D$11,A2,'09.08'!$E$4:$E$11)+SUMIF('09.08'!$F$4:$F$11,A2,'09.08'!$G$4:$G$11)+SUMIF('09.08'!$H$4:$H$11,A2,'09.08'!$I$4:$I$11)+SUMIF('09.08'!$J$4:$J$11,A2,'09.08'!$K$4:$K$11)+SUMIF('09.08'!$L$4:$L$11,A2,'09.08'!$M$4:$M$11)+SUMIF('09.08'!$N$4:$N$11,A2,'09.08'!$O$4:$O$11) -> 0 | Q2: =SUMIF('10.08'!$B$4:$B$11,A2,'10.08'!$C$4:$C$11)+SUMIF('10.08'!$D$4:$D$11,A2,'10.08'!$E$4:$E$11)+SUMIF('10.08'!$F$4:$F$11,A2,'10.08'!$G$4:$G$11)+SUMIF('10.08'!$H$4:$H$11,A2,'10.08'!$I$4:$I$11)+SUMIF('10.08'!$J$4:$J$11,A2,'10.08'!$K$4:$K$11)+SUMIF('10.08'!$L$4:$L$11,A2,'10.08'!$M$4:$M$11)+SUMIF('10.08'!$N$4:$N$11,A2,'10.08'!$O$4:$O$11) -> 0 | R2: =SUMIF('11.08'!$B$4:$B$11,A2,'11.08'!$C$4:$C$11)+SUMIF('11.08'!$D$4:$D$11,A2,'11.08'!$E$4:$E$11)+SUMIF('11.08'!$F$4:$F$11,A2,'11.08'!$G$4:$G$11)+SUMIF('11.08'!$H$4:$H$11,A2,'11.08'!$I$4:$I$11)+SUMIF('11.08'!$J$4:$J$11,A2,'11.08'!$K$4:$K$11)+SUMIF('11.08'!$L$4:$L$11,A2,'11.08'!$M$4:$M$11)+SUMIF('11.08'!$N$4:$N$11,A2,'11.08'!$O$4:$O$11) -> #N/A
A3: ='список продуктов'!A3 -> Бананы | B3: ='список продуктов'!B3 -> г | C3: ='список продуктов'!C3 -> 1000 | D3: ='список продуктов'!D3 | E3: ='список продуктов'!E3 -> Краткосрочный | F3: =SUM(I3:R3) -> #N/A | G3: =IFERROR(CEILING(F3/C3,1),"Введите занчения") -> Введите занчения | H3: =IFERROR(G3*D3,"Введите занчения") -> Введите занчения | I3: =SUMIF('02.08'!$B$4:$B$11,A3,'02.08'!$C$4:$C$11)+SUMIF('02.08'!$D$4:$D$11,A3,'02.08'!$E$4:$E$11)+SUMIF('02.08'!$F$4:$F$11,A3,'02.08'!$G$4:$G$11)+SUMIF('02.08'!$H$4:$H$11,A3,'02.08'!$I$4:$I$11)+SUMIF('02.08'!$J$4:$J$11,A3,'02.08'!$K$4:$K$11)+SUMIF('02.08'!$L$4:$L$11,A3,'02.08'!$M$4:$M$11)+SUMIF('02.08'!$N$4:$N$11,A3,'02.08'!$O$4:$O$11) -> 0 | J3: =SUMIF('03.08'!$B$4:$B$11,A3,'03.08'!$C$4:$C$11)+SUMIF('03.08'!$D$4:$D$11,A3,'03.08'!$E$4:$E$11)+SUMIF('03.08'!$F$4:$F$11,A3,'03.08'!$G$4:$G$11)+SUMIF('03.08'!$H$4:$H$11,A3,'03.08'!$I$4:$I$11)+SUMIF('03.08'!$J$4:$J$11,A3,'03.08'!$K$4:$K$11)+SUMIF('03.08'!$L$4:$L$11,A3,'03.08'!$M$4:$M$11)+SUMIF('03.08'!$N$4:$N$11,A3,'03.08'!$O$4:$O$11) -> 0 | K3: =SUMIF('04.08'!$B$4:$B$11,A3,'04.08'!$C$4:$C$11)+SUMIF('04.08'!$D$4:$D$11,A3,'04.08'!$E$4:$E$11)+SUMIF('04.08'!$F$4:$F$11,A3,'04.08'!$G$4:$G$11)+SUMIF('04.08'!$H$4:$H$11,A3,'04.08'!$I$4:$I$11)+SUMIF('04.08'!$J$4:$J$11,A3,'04.08'!$K$4:$K$11)+SUMIF('04.08'!$L$4:$L$11,A3,'04.08'!$M$4:$M$11)+SUMIF('04.08'!$N$4:$N$11,A3,'04.08'!$O$4:$O$11) -> 0 | L3: =SUMIF('05.08'!$B$4:$B$11,A3,'05.08'!$C$4:$C$11)+SUMIF('05.08'!$D$4:$D$11,A3,'05.08'!$E$4:$E$11)+SUMIF('05.08'!$F$4:$F$11,A3,'05.08'!$G$4:$G$11)+SUMIF('05.08'!$H$4:$H$11,A3,'05.08'!$I$4:$I$11)+SUMIF('05.08'!$J$4:$J$11,A3,'05.08'!$K$4:$K$11)+SUMIF('05.08'!$L$4:$L$11,A3,'05.08'!$M$4:$M$11)+SUMIF('05.08'!$N$4:$N$11,A3,'05.08'!$O$4:$O$11) -> 0 | M3: =SUMIF('06.08'!$B$4:$B$11,A3,'06.08'!$C$4:$C$11)+SUMIF('06.08'!$D$4:$D$11,A3,'06.08'!$E$4:$E$11)+SUMIF('06.08'!$F$4:$F$11,A3,'06.08'!$G$4:$G$11)+SUMIF('06.08'!$H$4:$H$11,A3,'06.08'!$I$4:$I$11)+SUMIF('06.08'!$J$4:$J$11,A3,'06.08'!$K$4:$K$11)+SUMIF('06.08'!$L$4:$L$11,A3,'06.08'!$M$4:$M$11)+SUMIF('06.08'!$N$4:$N$11,A3,'06.08'!$O$4:$O$11) -> 0 | N3: =SUMIF('07.08'!$B$4:$B$11,A3,'07.08'!$C$4:$C$11)+SUMIF('07.08'!$D$4:$D$11,A3,'07.08'!$E$4:$E$11)+SUMIF('07.08'!$F$4:$F$11,A3,'07.08'!$G$4:$G$11)+SUMIF('07.08'!$H$4:$H$11,A3,'07.08'!$I$4:$I$11)+SUMIF('07.08'!$J$4:$J$11,A3,'07.08'!$K$4:$K$11)+SUMIF('07.08'!$L$4:$L$11,A3,'07.08'!$M$4:$M$11)+SUMIF('07.08'!$N$4:$N$11,A3,'07.08'!$O$4:$O$11) -> 0 | O3: =SUMIF('08.08'!$B$4:$B$11,A3,'08.08'!$C$4:$C$11)+SUMIF('08.08'!$D$4:$D$11,A3,'08.08'!$E$4:$E$11)+SUMIF('08.08'!$F$4:$F$11,A3,'08.08'!$G$4:$G$11)+SUMIF('08.08'!$H$4:$H$11,A3,'08.08'!$I$4:$I$11)+SUMIF('08.08'!$J$4:$J$11,A3,'08.08'!$K$4:$K$11)+SUMIF('08.08'!$L$4:$L$11,A3,'08.08'!$M$4:$M$11)+SUMIF('08.08'!$N$4:$N$11,A3,'08.08'!$O$4:$O$11) -> 0 | P3: =SUMIF('09.08'!$B$4:$B$11,A3,'09.08'!$C$4:$C$11)+SUMIF('09.08'!$D$4:$D$11,A3,'09.08'!$E$4:$E$11)+SUMIF('09.08'!$F$4:$F$11,A3,'09.08'!$G$4:$G$11)+SUMIF('09.08'!$H$4:$H$11,A3,'09.08'!$I$4:$I$11)+SUMIF('09.08'!$J$4:$J$11,A3,'09.08'!$K$4:$K$11)+SUMIF('09.08'!$L$4:$L$11,A3,'09.08'!$M$4:$M$11)+SUMIF('09.08'!$N$4:$N$11,A3,'09.08'!$O$4:$O$11) -> 0 | Q3: =SUMIF('10.08'!$B$4:$B$11,A3,'10.08'!$C$4:$C$11)+SUMIF('10.08'!$D$4:$D$11,A3,'10.08'!$E$4:$E$11)+SUMIF('10.08'!$F$4:$F$11,A3,'10.08'!$G$4:$G$11)+SUMIF('10.08'!$H$4:$H$11,A3,'10.08'!$I$4:$I$11)+SUMIF('10.08'!$J$4:$J$11,A3,'10.08'!$K$4:$K$11)+SUMIF('10.08'!$L$4:$L$11,A3,'10.08'!$M$4:$M$11)+SUMIF('10.08'!$N$4:$N$11,A3,'10.08'!$O$4:$O$11) -> 0 | R3: =SUMIF('11.08'!$B$4:$B$11,A3,'11.08'!$C$4:$C$11)+SUMIF('11.08'!$D$4:$D$11,A3,'11.08'!$E$4:$E$11)+SUMIF('11.08'!$F$4:$F$11,A3,'11.08'!$G$4:$G$11)+SUMIF('11.08'!$H$4:$H$11,A3,'11.08'!$I$4:$I$11)+SUMIF('11.08'!$J$4:$J$11,A3,'11.08'!$K$4:$K$11)+SUMIF('11.08'!$L$4:$L$11,A3,'11.08'!$M$4:$M$11)+SUMIF('11.08'!$N$4:$N$11,A3,'11.08'!$O$4:$O$11) -> #N/A | T3: =133261-H47 -> 133261
A4: ='список продуктов'!A5 -> Борщевая заготовка | B4: ='список продуктов'!B5 -> пачка | C4: ='список продуктов'!C5 -> 250 | D4: ='список продуктов'!D5 | E4: ='список продуктов'!E5 -> Долгосрочный | F4: =SUM(I4:R4) -> #N/A | G4: =IFERROR(CEILING(F4/C4,1),"Введите занчения") -> Введите занчения | H4: =IFERROR(G4*D4,"Введите занчения") -> Введите занчения | I4: =SUMIF('02.08'!$B$4:$B$11,A4,'02.08'!$C$4:$C$11)+SUMIF('02.08'!$D$4:$D$11,A4,'02.08'!$E$4:$E$11)+SUMIF('02.08'!$F$4:$F$11,A4,'02.08'!$G$4:$G$11)+SUMIF('02.08'!$H$4:$H$11,A4,'02.08'!$I$4:$I$11)+SUMIF('02.08'!$J$4:$J$11,A4,'02.08'!$K$4:$K$11)+SUMIF('02.08'!$L$4:$L$11,A4,'02.08'!$M$4:$M$11)+SUMIF('02.08'!$N$4:$N$11,A4,'02.08'!$O$4:$O$11) -> 0 | J4: =SUMIF('03.08'!$B$4:$B$11,A4,'03.08'!$C$4:$C$11)+SUMIF('03.08'!$D$4:$D$11,A4,'03.08'!$E$4:$E$11)+SUMIF('03.08'!$F$4:$F$11,A4,'03.08'!$G$4:$G$11)+SUMIF('03.08'!$H$4:$H$11,A4,'03.08'!$I$4:$I$11)+SUMIF('03.08'!$J$4:$J$11,A4,'03.08'!$K$4:$K$11)+SUMIF('03.08'!$L$4:$L$11,A4,'03.08'!$M$4:$M$11)+SUMIF('03.08'!$N$4:$N$11,A4,'03.08'!$O$4:$O$11) -> 0 | K4: =SUMIF('04.08'!$B$4:$B$11,A4,'04.08'!$C$4:$C$11)+SUMIF('04.08'!$D$4:$D$11,A4,'04.08'!$E$4:$E$11)+SUMIF('04.08'!$F$4:$F$11,A4,'04.08'!$G$4:$G$11)+SUMIF('04.08'!$H$4:$H$11,A4,'04.08'!$I$4:$I$11)+SUMIF('04.08'!$J$4:$J$11,A4,'04.08'!$K$4:$K$11)+SUMIF('04.08'!$L$4:$L$11,A4,'04.08'!$M$4:$M$11)+SUMIF('04.08'!$N$4:$N$11,A4,'04.08'!$O$4:$O$11) -> 0 | L4: =SUMIF('05.08'!$B$4:$B$11,A4,'05.08'!$C$4:$C$11)+SUMIF('05.08'!$D$4:$D$11,A4,'05.08'!$E$4:$E$11)+SUMIF('05.08'!$F$4:$F$11,A4,'05.08'!$G$4:$G$11)+SUMIF('05.08'!$H$4:$H$11,A4,'05.08'!$I$4:$I$11)+SUMIF('05.08'!$J$4:$J$11,A4,'05.08'!$K$4:$K$11)+SUMIF('05.08'!$L$4:$L$11,A4,'05.08'!$M$4:$M$11)+SUMIF('05.08'!$N$4:$N$11,A4,'05.08'!$O$4:$O$11) -> 0 | M4: =SUMIF('06.08'!$B$4:$B$11,A4,'06.08'!$C$4:$C$11)+SUMIF('06.08'!$D$4:$D$11,A4,'06.08'!$E$4:$E$11)+SUMIF('06.08'!$F$4:$F$11,A4,'06.08'!$G$4:$G$11)+SUMIF('06.08'!$H$4:$H$11,A4,'06.08'!$I$4:$I$11)+SUMIF('06.08'!$J$4:$J$11,A4,'06.08'!$K$4:$K$11)+SUMIF('06.08'!$L$4:$L$11,A4,'06.08'!$M$4:$M$11)+SUMIF('06.08'!$N$4:$N$11,A4,'06.08'!$O$4:$O$11) -> 0 | N4: =SUMIF('07.08'!$B$4:$B$11,A4,'07.08'!$C$4:$C$11)+SUMIF('07.08'!$D$4:$D$11,A4,'07.08'!$E$4:$E$11)+SUMIF('07.08'!$F$4:$F$11,A4,'07.08'!$G$4:$G$11)+SUMIF('07.08'!$H$4:$H$11,A4,'07.08'!$I$4:$I$11)+SUMIF('07.08'!$J$4:$J$11,A4,'07.08'!$K$4:$K$11)+SUMIF('07.08'!$L$4:$L$11,A4,'07.08'!$M$4:$M$11)+SUMIF('07.08'!$N$4:$N$11,A4,'07.08'!$O$4:$O$11) -> 0 | O4: =SUMIF('08.08'!$B$4:$B$11,A4,'08.08'!$C$4:$C$11)+SUMIF('08.08'!$D$4:$D$11,A4,'08.08'!$E$4:$E$11)+SUMIF('08.08'!$F$4:$F$11,A4,'08.08'!$G$4:$G$11)+SUMIF('08.08'!$H$4:$H$11,A4,'08.08'!$I$4:$I$11)+SUMIF('08.08'!$J$4:$J$11,A4,'08.08'!$K$4:$K$11)+SUMIF('08.08'!$L$4:$L$11,A4,'08.08'!$M$4:$M$11)+SUMIF('08.08'!$N$4:$N$11,A4,'08.08'!$O$4:$O$11) -> 0 | P4: =SUMIF('09.08'!$B$4:$B$11,A4,'09.08'!$C$4:$C$11)+SUMIF('09.08'!$D$4:$D$11,A4,'09.08'!$E$4:$E$11)+SUMIF('09.08'!$F$4:$F$11,A4,'09.08'!$G$4:$G$11)+SUMIF('09.08'!$H$4:$H$11,A4,'09.08'!$I$4:$I$11)+SUMIF('09.08'!$J$4:$J$11,A4,'09.08'!$K$4:$K$11)+SUMIF('09.08'!$L$4:$L$11,A4,'09.08'!$M$4:$M$11)+SUMIF('09.08'!$N$4:$N$11,A4,'09.08'!$O$4:$O$11) -> 0 | Q4: =SUMIF('10.08'!$B$4:$B$11,A4,'10.08'!$C$4:$C$11)+SUMIF('10.08'!$D$4:$D$11,A4,'10.08'!$E$4:$E$11)+SUMIF('10.08'!$F$4:$F$11,A4,'10.08'!$G$4:$G$11)+SUMIF('10.08'!$H$4:$H$11,A4,'10.08'!$I$4:$I$11)+SUMIF('10.08'!$J$4:$J$11,A4,'10.08'!$K$4:$K$11)+SUMIF('10.08'!$L$4:$L$11,A4,'10.08'!$M$4:$M$11)+SUMIF('10.08'!$N$4:$N$11,A4,'10.08'!$O$4:$O$11) -> 0 | R4: =SUMIF('11.08'!$B$4:$B$11,A4,'11.08'!$C$4:$C$11)+SUMIF('11.08'!$D$4:$D$11,A4,'11.08'!$E$4:$E$11)+SUMIF('11.08'!$F$4:$F$11,A4,'11.08'!$G$4:$G$11)+SUMIF('11.08'!$H$4:$H$11,A4,'11.08'!$I$4:$I$11)+SUMIF('11.08'!$J$4:$J$11,A4,'11.08'!$K$4:$K$11)+SUMIF('11.08'!$L$4:$L$11,A4,'11.08'!$M$4:$M$11)+SUMIF('11.08'!$N$4:$N$11,A4,'11.08'!$O$4:$O$11) -> #N/A
A5: ='список продуктов'!A6 -> Булгур | B5: ='список продуктов'!B6 -> пачка | C5: ='список продуктов'!C6 -> 500 | D5: ='список продуктов'!D6 | E5: ='список продуктов'!E6 -> Долгосрочный | F5: =SUM(I5:R5) -> #N/A | G5: =IFERROR(CEILING(F5/C5,1),"Введите занчения") -> Введите занчения | H5: =IFERROR(G5*D5,"Введите занчения") -> Введите занчения | I5: =SUMIF('02.08'!$B$4:$B$11,A5,'02.08'!$C$4:$C$11)+SUMIF('02.08'!$D$4:$D$11,A5,'02.08'!$E$4:$E$11)+SUMIF('02.08'!$F$4:$F$11,A5,'02.08'!$G$4:$G$11)+SUMIF('02.08'!$H$4:$H$11,A5,'02.08'!$I$4:$I$11)+SUMIF('02.08'!$J$4:$J$11,A5,'02.08'!$K$4:$K$11)+SUMIF('02.08'!$L$4:$L$11,A5,'02.08'!$M$4:$M$11)+SUMIF('02.08'!$N$4:$N$11,A5,'02.08'!$O$4:$O$11) -> 0 | J5: =SUMIF('03.08'!$B$4:$B$11,A5,'03.08'!$C$4:$C$11)+SUMIF('03.08'!$D$4:$D$11,A5,'03.08'!$E$4:$E$11)+SUMIF('03.08'!$F$4:$F$11,A5,'03.08'!$G$4:$G$11)+SUMIF('03.08'!$H$4:$H$11,A5,'03.08'!$I$4:$I$11)+SUMIF('03.08'!$J$4:$J$11,A5,'03.08'!$K$4:$K$11)+SUMIF('03.08'!$L$4:$L$11,A5,'03.08'!$M$4:$M$11)+SUMIF('03.08'!$N$4:$N$11,A5,'03.08'!$O$4:$O$11) -> 0 | K5: =SUMIF('04.08'!$B$4:$B$11,A5,'04.08'!$C$4:$C$11)+SUMIF('04.08'!$D$4:$D$11,A5,'04.08'!$E$4:$E$11)+SUMIF('04.08'!$F$4:$F$11,A5,'04.08'!$G$4:$G$11)+SUMIF('04.08'!$H$4:$H$11,A5,'04.08'!$I$4:$I$11)+SUMIF('04.08'!$J$4:$J$11,A5,'04.08'!$K$4:$K$11)+SUMIF('04.08'!$L$4:$L$11,A5,'04.08'!$M$4:$M$11)+SUMIF('04.08'!$N$4:$N$11,A5,'04.08'!$O$4:$O$11) -> 0 | L5: =SUMIF('05.08'!$B$4:$B$11,A5,'05.08'!$C$4:$C$11)+SUMIF('05.08'!$D$4:$D$11,A5,'05.08'!$E$4:$E$11)+SUMIF('05.08'!$F$4:$F$11,A5,'05.08'!$G$4:$G$11)+SUMIF('05.08'!$H$4:$H$11,A5,'05.08'!$I$4:$I$11)+SUMIF('05.08'!$J$4:$J$11,A5,'05.08'!$K$4:$K$11)+SUMIF('05.08'!$L$4:$L$11,A5,'05.08'!$M$4:$M$11)+SUMIF('05.08'!$N$4:$N$11,A5,'05.08'!$O$4:$O$11) -> 0 | M5: =SUMIF('06.08'!$B$4:$B$11,A5,'06.08'!$C$4:$C$11)+SUMIF('06.08'!$D$4:$D$11,A5,'06.08'!$E$4:$E$11)+SUMIF('06.08'!$F$4:$F$11,A5,'06.08'!$G$4:$G$11)+SUMIF('06.08'!$H$4:$H$11,A5,'06.08'!$I$4:$I$11)+SUMIF('06.08'!$J$4:$J$11,A5,'06.08'!$K$4:$K$11)+SUMIF('06.08'!$L$4:$L$11,A5,'06.08'!$M$4:$M$11)+SUMIF('06.08'!$N$4:$N$11,A5,'06.08'!$O$4:$O$11) -> 0 | N5: =SUMIF('07.08'!$B$4:$B$11,A5,'07.08'!$C$4:$C$11)+SUMIF('07.08'!$D$4:$D$11,A5,'07.08'!$E$4:$E$11)+SUMIF('07.08'!$F$4:$F$11,A5,'07.08'!$G$4:$G$11)+SUMIF('07.08'!$H$4:$H$11,A5,'07.08'!$I$4:$I$11)+SUMIF('07.08'!$J$4:$J$11,A5,'07.08'!$K$4:$K$11)+SUMIF('07.08'!$L$4:$L$11,A5,'07.08'!$M$4:$M$11)+SUMIF('07.08'!$N$4:$N$11,A5,'07.08'!$O$4:$O$11) -> 0 | O5: =SUMIF('08.08'!$B$4:$B$11,A5,'08.08'!$C$4:$C$11)+SUMIF('08.08'!$D$4:$D$11,A5,'08.08'!$E$4:$E$11)+SUMIF('08.08'!$F$4:$F$11,A5,'08.08'!$G$4:$G$11)+SUMIF('08.08'!$H$4:$H$11,A5,'08.08'!$I$4:$I$11)+SUMIF('08.08'!$J$4:$J$11,A5,'08.08'!$K$4:$K$11)+SUMIF('08.08'!$L$4:$L$11,A5,'08.08'!$M$4:$M$11)+SUMIF('08.08'!$N$4:$N$11,A5,'08.08'!$O$4:$O$11) -> 0 | P5: =SUMIF('09.08'!$B$4:$B$11,A5,'09.08'!$C$4:$C$11)+SUMIF('09.08'!$D$4:$D$11,A5,'09.08'!$E$4:$E$11)+SUMIF('09.08'!$F$4:$F$11,A5,'09.08'!$G$4:$G$11)+SUMIF('09.08'!$H$4:$H$11,A5,'09.08'!$I$4:$I$11)+SUMIF('09.08'!$J$4:$J$11,A5,'09.08'!$K$4:$K$11)+SUMIF('09.08'!$L$4:$L$11,A5,'09.08'!$M$4:$M$11)+SUMIF('09.08'!$N$4:$N$11,A5,'09.08'!$O$4:$O$11) -> 0 | Q5: =SUMIF('10.08'!$B$4:$B$11,A5,'10.08'!$C$4:$C$11)+SUMIF('10.08'!$D$4:$D$11,A5,'10.08'!$E$4:$E$11)+SUMIF('10.08'!$F$4:$F$11,A5,'10.08'!$G$4:$G$11)+SUMIF('10.08'!$H$4:$H$11,A5,'10.08'!$I$4:$I$11)+SUMIF('10.08'!$J$4:$J$11,A5,'10.08'!$K$4:$K$11)+SUMIF('10.08'!$L$4:$L$11,A5,'10.08'!$M$4:$M$11)+SUMIF('10.08'!$N$4:$N$11,A5,'10.08'!$O$4:$O$11) -> 0 | R5: =SUMIF('11.08'!$B$4:$B$11,A5,'11.08'!$C$4:$C$11)+SUMIF('11.08'!$D$4:$D$11,A5,'11.08'!$E$4:$E$11)+SUMIF('11.08'!$F$4:$F$11,A5,'11.08'!$G$4:$G$11)+SUMIF('11.08'!$H$4:$H$11,A5,'11.08'!$I$4:$I$11)+SUMIF('11.08'!$J$4:$J$11,A5,'11.08'!$K$4:$K$11)+SUMIF('11.08'!$L$4:$L$11,A5,'11.08'!$M$4:$M$11)+SUMIF('11.08'!$N$4:$N$11,A5,'11.08'!$O$4:$O$11) -> #N/A
A6: ='список продуктов'!A7 -> Вермишель | B6: ='список продуктов'!B7 -> пачка | C6: ='список продуктов'!C7 -> 450 | D6: ='список продуктов'!D7 | E6: ='список продуктов'!E7 -> Долгосрочный | F6: =SUM(I6:R6) -> #N/A | G6: =IFERROR(CEILING(F6/C6,1),"Введите занчения") -> Введите занчения | H6: =IFERROR(G6*D6,"Введите занчения") -> Введите занчения | I6: =SUMIF('02.08'!$B$4:$B$11,A6,'02.08'!$C$4:$C$11)+SUMIF('02.08'!$D$4:$D$11,A6,'02.08'!$E$4:$E$11)+SUMIF('02.08'!$F$4:$F$11,A6,'02.08'!$G$4:$G$11)+SUMIF('02.08'!$H$4:$H$11,A6,'02.08'!$I$4:$I$11)+SUMIF('02.08'!$J$4:$J$11,A6,'02.08'!$K$4:$K$11)+SUMIF('02.08'!$L$4:$L$11,A6,'02.08'!$M$4:$M$11)+SUMIF('02.08'!$N$4:$N$11,A6,'02.08'!$O$4:$O$11) -> 0 | J6: =SUMIF('03.08'!$B$4:$B$11,A6,'03.08'!$C$4:$C$11)+SUMIF('03.08'!$D$4:$D$11,A6,'03.08'!$E$4:$E$11)+SUMIF('03.08'!$F$4:$F$11,A6,'03.08'!$G$4:$G$11)+SUMIF('03.08'!$H$4:$H$11,A6,'03.08'!$I$4:$I$11)+SUMIF('03.08'!$J$4:$J$11,A6,'03.08'!$K$4:$K$11)+SUMIF('03.08'!$L$4:$L$11,A6,'03.08'!$M$4:$M$11)+SUMIF('03.08'!$N$4:$N$11,A6,'03.08'!$O$4:$O$11) -> 0 | K6: =SUMIF('04.08'!$B$4:$B$11,A6,'04.08'!$C$4:$C$11)+SUMIF('04.08'!$D$4:$D$11,A6,'04.08'!$E$4:$E$11)+SUMIF('04.08'!$F$4:$F$11,A6,'04.08'!$G$4:$G$11)+SUMIF('04.08'!$H$4:$H$11,A6,'04.08'!$I$4:$I$11)+SUMIF('04.08'!$J$4:$J$11,A6,'04.08'!$K$4:$K$11)+SUMIF('04.08'!$L$4:$L$11,A6,'04.08'!$M$4:$M$11)+SUMIF('04.08'!$N$4:$N$11,A6,'04.08'!$O$4:$O$11) -> 0 | L6: =SUMIF('05.08'!$B$4:$B$11,A6,'05.08'!$C$4:$C$11)+SUMIF('05.08'!$D$4:$D$11,A6,'05.08'!$E$4:$E$11)+SUMIF('05.08'!$F$4:$F$11,A6,'05.08'!$G$4:$G$11)+SUMIF('05.08'!$H$4:$H$11,A6,'05.08'!$I$4:$I$11)+SUMIF('05.08'!$J$4:$J$11,A6,'05.08'!$K$4:$K$11)+SUMIF('05.08'!$L$4:$L$11,A6,'05.08'!$M$4:$M$11)+SUMIF('05.08'!$N$4:$N$11,A6,'05.08'!$O$4:$O$11) -> 0 | M6: =SUMIF('06.08'!$B$4:$B$11,A6,'06.08'!$C$4:$C$11)+SUMIF('06.08'!$D$4:$D$11,A6,'06.08'!$E$4:$E$11)+SUMIF('06.08'!$F$4:$F$11,A6,'06.08'!$G$4:$G$11)+SUMIF('06.08'!$H$4:$H$11,A6,'06.08'!$I$4:$I$11)+SUMIF('06.08'!$J$4:$J$11,A6,'06.08'!$K$4:$K$11)+SUMIF('06.08'!$L$4:$L$11,A6,'06.08'!$M$4:$M$11)+SUMIF('06.08'!$N$4:$N$11,A6,'06.08'!$O$4:$O$11) -> 0 | N6: =SUMIF('07.08'!$B$4:$B$11,A6,'07.08'!$C$4:$C$11)+SUMIF('07.08'!$D$4:$D$11,A6,'07.08'!$E$4:$E$11)+SUMIF('07.08'!$F$4:$F$11,A6,'07.08'!$G$4:$G$11)+SUMIF('07.08'!$H$4:$H$11,A6,'07.08'!$I$4:$I$11)+SUMIF('07.08'!$J$4:$J$11,A6,'07.08'!$K$4:$K$11)+SUMIF('07.08'!$L$4:$L$11,A6,'07.08'!$M$4:$M$11)+SUMIF('07.08'!$N$4:$N$11,A6,'07.08'!$O$4:$O$11) -> 0 | O6: =SUMIF('08.08'!$B$4:$B$11,A6,'08.08'!$C$4:$C$11)+SUMIF('08.08'!$D$4:$D$11,A6,'08.08'!$E$4:$E$11)+SUMIF('08.08'!$F$4:$F$11,A6,'08.08'!$G$4:$G$11)+SUMIF('08.08'!$H$4:$H$11,A6,'08.08'!$I$4:$I$11)+SUMIF('08.08'!$J$4:$J$11,A6,'08.08'!$K$4:$K$11)+SUMIF('08.08'!$L$4:$L$11,A6,'08.08'!$M$4:$M$11)+SUMIF('08.08'!$N$4:$N$11,A6,'08.08'!$O$4:$O$11) -> 0 | P6: =SUMIF('09.08'!$B$4:$B$11,A6,'09.08'!$C$4:$C$11)+SUMIF('09.08'!$D$4:$D$11,A6,'09.08'!$E$4:$E$11)+SUMIF('09.08'!$F$4:$F$11,A6,'09.08'!$G$4:$G$11)+SUMIF('09.08'!$H$4:$H$11,A6,'09.08'!$I$4:$I$11)+SUMIF('09.08'!$J$4:$J$11,A6,'09.08'!$K$4:$K$11)+SUMIF('09.08'!$L$4:$L$11,A6,'09.08'!$M$4:$M$11)+SUMIF('09.08'!$N$4:$N$11,A6,'09.08'!$O$4:$O$11) -> 0 | Q6: =SUMIF('10.08'!$B$4:$B$11,A6,'10.08'!$C$4:$C$11)+SUMIF('10.08'!$D$4:$D$11,A6,'10.08'!$E$4:$E$11)+SUMIF('10.08'!$F$4:$F$11,A6,'10.08'!$G$4:$G$11)+SUMIF('10.08'!$H$4:$H$11,A6,'10.08'!$I$4:$I$11)+SUMIF('10.08'!$J$4:$J$11,A6,'10.08'!$K$4:$K$11)+SUMIF('10.08'!$L$4:$L$11,A6,'10.08'!$M$4:$M$11)+SUMIF('10.08'!$N$4:$N$11,A6,'10.08'!$O$4:$O$11) -> 0 | R6: =SUMIF('11.08'!$B$4:$B$11,A6,'11.08'!$C$4:$C$11)+SUMIF('11.08'!$D$4:$D$11,A6,'11.08'!$E$4:$E$11)+SUMIF('11.08'!$F$4:$F$11,A6,'11.08'!$G$4:$G$11)+SUMIF('11.08'!$H$4:$H$11,A6,'11.08'!$I$4:$I$11)+SUMIF('11.08'!$J$4:$J$11,A6,'11.08'!$K$4:$K$11)+SUMIF('11.08'!$L$4:$L$11,A6,'11.08'!$M$4:$M$11)+SUMIF('11.08'!$N$4:$N$11,A6,'11.08'!$O$4:$O$11) -> #N/A
A7: ='список продуктов'!A8 -> Ветчина | B7: ='список продуктов'!B8 -> г | C7: ='список продуктов'!C8 -> 400 | D7: ='список продуктов'!D8 | E7: ='список продуктов'!E8 -> Краткосрочный | F7: =SUM(I7:R7) -> #N/A | G7: =IFERROR(CEILING(F7/C7,1),"Введите занчения") -> Введите занчения | H7: =IFERROR(G7*D7,"Введите занчения") -> Введите занчения | I7: =SUMIF('02.08'!$B$4:$B$11,A7,'02.08'!$C$4:$C$11)+SUMIF('02.08'!$D$4:$D$11,A7,'02.08'!$E$4:$E$11)+SUMIF('02.08'!$F$4:$F$11,A7,'02.08'!$G$4:$G$11)+SUMIF('02.08'!$H$4:$H$11,A7,'02.08'!$I$4:$I$11)+SUMIF('02.08'!$J$4:$J$11,A7,'02.08'!$K$4:$K$11)+SUMIF('02.08'!$L$4:$L$11,A7,'02.08'!$M$4:$M$11)+SUMIF('02.08'!$N$4:$N$11,A7,'02.08'!$O$4:$O$11) -> 0 | J7: =SUMIF('03.08'!$B$4:$B$11,A7,'03.08'!$C$4:$C$11)+SUMIF('03.08'!$D$4:$D$11,A7,'03.08'!$E$4:$E$11)+SUMIF('03.08'!$F$4:$F$11,A7,'03.08'!$G$4:$G$11)+SUMIF('03.08'!$H$4:$H$11,A7,'03.08'!$I$4:$I$11)+SUMIF('03.08'!$J$4:$J$11,A7,'03.08'!$K$4:$K$11)+SUMIF('03.08'!$L$4:$L$11,A7,'03.08'!$M$4:$M$11)+SUMIF('03.08'!$N$4:$N$11,A7,'03.08'!$O$4:$O$11) -> 0 | K7: =SUMIF('04.08'!$B$4:$B$11,A7,'04.08'!$C$4:$C$11)+SUMIF('04.08'!$D$4:$D$11,A7,'04.08'!$E$4:$E$11)+SUMIF('04.08'!$F$4:$F$11,A7,'04.08'!$G$4:$G$11)+SUMIF('04.08'!$H$4:$H$11,A7,'04.08'!$I$4:$I$11)+SUMIF('04.08'!$J$4:$J$11,A7,'04.08'!$K$4:$K$11)+SUMIF('04.08'!$L$4:$L$11,A7,'04.08'!$M$4:$M$11)+SUMIF('04.08'!$N$4:$N$11,A7,'04.08'!$O$4:$O$11) -> 0 | L7: =SUMIF('05.08'!$B$4:$B$11,A7,'05.08'!$C$4:$C$11)+SUMIF('05.08'!$D$4:$D$11,A7,'05.08'!$E$4:$E$11)+SUMIF('05.08'!$F$4:$F$11,A7,'05.08'!$G$4:$G$11)+SUMIF('05.08'!$H$4:$H$11,A7,'05.08'!$I$4:$I$11)+SUMIF('05.08'!$J$4:$J$11,A7,'05.08'!$K$4:$K$11)+SUMIF('05.08'!$L$4:$L$11,A7,'05.08'!$M$4:$M$11)+SUMIF('05.08'!$N$4:$N$11,A7,'05.08'!$O$4:$O$11) -> 0 | M7: =SUMIF('06.08'!$B$4:$B$11,A7,'06.08'!$C$4:$C$11)+SUMIF('06.08'!$D$4:$D$11,A7,'06.08'!$E$4:$E$11)+SUMIF('06.08'!$F$4:$F$11,A7,'06.08'!$G$4:$G$11)+SUMIF('06.08'!$H$4:$H$11,A7,'06.08'!$I$4:$I$11)+SUMIF('06.08'!$J$4:$J$11,A7,'06.08'!$K$4:$K$11)+SUMIF('06.08'!$L$4:$L$11,A7,'06.08'!$M$4:$M$11)+SUMIF('06.08'!$N$4:$N$11,A7,'06.08'!$O$4:$O$11) -> 0 | N7: =SUMIF('07.08'!$B$4:$B$11,A7,'07.08'!$C$4:$C$11)+SUMIF('07.08'!$D$4:$D$11,A7,'07.08'!$E$4:$E$11)+SUMIF('07.08'!$F$4:$F$11,A7,'07.08'!$G$4:$G$11)+SUMIF('07.08'!$H$4:$H$11,A7,'07.08'!$I$4:$I$11)+SUMIF('07.08'!$J$4:$J$11,A7,'07.08'!$K$4:$K$11)+SUMIF('07.08'!$L$4:$L$11,A7,'07.08'!$M$4:$M$11)+SUMIF('07.08'!$N$4:$N$11,A7,'07.08'!$O$4:$O$11) -> 0 | O7: =SUMIF('08.08'!$B$4:$B$11,A7,'08.08'!$C$4:$C$11)+SUMIF('08.08'!$D$4:$D$11,A7,'08.08'!$E$4:$E$11)+SUMIF('08.08'!$F$4:$F$11,A7,'08.08'!$G$4:$G$11)+SUMIF('08.08'!$H$4:$H$11,A7,'08.08'!$I$4:$I$11)+SUMIF('08.08'!$J$4:$J$11,A7,'08.08'!$K$4:$K$11)+SUMIF('08.08'!$L$4:$L$11,A7,'08.08'!$M$4:$M$11)+SUMIF('08.08'!$N$4:$N$11,A7,'08.08'!$O$4:$O$11) -> 0 | P7: =SUMIF('09.08'!$B$4:$B$11,A7,'09.08'!$C$4:$C$11)+SUMIF('09.08'!$D$4:$D$11,A7,'09.08'!$E$4:$E$11)+SUMIF('09.08'!$F$4:$F$11,A7,'09.08'!$G$4:$G$11)+SUMIF('09.08'!$H$4:$H$11,A7,'09.08'!$I$4:$I$11)+SUMIF('09.08'!$J$4:$J$11,A7,'09.08'!$K$4:$K$11)+SUMIF('09.08'!$L$4:$L$11,A7,'09.08'!$M$4:$M$11)+SUMIF('09.08'!$N$4:$N$11,A7,'09.08'!$O$4:$O$11) -> 0 | Q7: =SUMIF('10.08'!$B$4:$B$11,A7,'10.08'!$C$4:$C$11)+SUMIF('10.08'!$D$4:$D$11,A7,'10.08'!$E$4:$E$11)+SUMIF('10.08'!$F$4:$F$11,A7,'10.08'!$G$4:$G$11)+SUMIF('10.08'!$H$4:$H$11,A7,'10.08'!$I$4:$I$11)+SUMIF('10.08'!$J$4:$J$11,A7,'10.08'!$K$4:$K$11)+SUMIF('10.08'!$L$4:$L$11,A7,'10.08'!$M$4:$M$11)+SUMIF('10.08'!$N$4:$N$11,A7,'10.08'!$O$4:$O$11) -> 0 | R7: =SUMIF('11.08'!$B$4:$B$11,A7,'11.08'!$C$4:$C$11)+SUMIF('11.08'!$D$4:$D$11,A7,'11.08'!$E$4:$E$11)+SUMIF('11.08'!$F$4:$F$11,A7,'11.08'!$G$4:$G$11)+SUMIF('11.08'!$H$4:$H$11,A7,'11.08'!$I$4:$I$11)+SUMIF('11.08'!$J$4:$J$11,A7,'11.08'!$K$4:$K$11)+SUMIF('11.08'!$L$4:$L$11,A7,'11.08'!$M$4:$M$11)+SUMIF('11.08'!$N$4:$N$11,A7,'11.08'!$O$4:$O$11) -> #N/A
A8: ='список продуктов'!A10 -> Гречневая крупа | B8: ='список продуктов'!B10 -> пачка | C8: ='список продуктов'!C10 | D8: ='список продуктов'!D10 | E8: ='список продуктов'!E10 -> Долгосрочный | F8: =SUM(I8:R8) -> #N/A | G8: =IFERROR(CEILING(F8/C8,1),"Введите занчения") -> Введите занчения | H8: =IFERROR(G8*D8,"Введите занчения") -> Введите занчения | I8: =SUMIF('02.08'!$B$4:$B$11,A8,'02.08'!$C$4:$C$11)+SUMIF('02.08'!$D$4:$D$11,A8,'02.08'!$E$4:$E$11)+SUMIF('02.08'!$F$4:$F$11,A8,'02.08'!$G$4:$G$11)+SUMIF('02.08'!$H$4:$H$11,A8,'02.08'!$I$4:$I$11)+SUMIF('02.08'!$J$4:$J$11,A8,'02.08'!$K$4:$K$11)+SUMIF('02.08'!$L$4:$L$11,A8,'02.08'!$M$4:$M$11)+SUMIF('02.08'!$N$4:$N$11,A8,'02.08'!$O$4:$O$11) -> 0 | J8: =SUMIF('03.08'!$B$4:$B$11,A8,'03.08'!$C$4:$C$11)+SUMIF('03.08'!$D$4:$D$11,A8,'03.08'!$E$4:$E$11)+SUMIF('03.08'!$F$4:$F$11,A8,'03.08'!$G$4:$G$11)+SUMIF('03.08'!$H$4:$H$11,A8,'03.08'!$I$4:$I$11)+SUMIF('03.08'!$J$4:$J$11,A8,'03.08'!$K$4:$K$11)+SUMIF('03.08'!$L$4:$L$11,A8,'03.08'!$M$4:$M$11)+SUMIF('03.08'!$N$4:$N$11,A8,'03.08'!$O$4:$O$11) -> 0 | K8: =SUMIF('04.08'!$B$4:$B$11,A8,'04.08'!$C$4:$C$11)+SUMIF('04.08'!$D$4:$D$11,A8,'04.08'!$E$4:$E$11)+SUMIF('04.08'!$F$4:$F$11,A8,'04.08'!$G$4:$G$11)+SUMIF('04.08'!$H$4:$H$11,A8,'04.08'!$I$4:$I$11)+SUMIF('04.08'!$J$4:$J$11,A8,'04.08'!$K$4:$K$11)+SUMIF('04.08'!$L$4:$L$11,A8,'04.08'!$M$4:$M$11)+SUMIF('04.08'!$N$4:$N$11,A8,'04.08'!$O$4:$O$11) -> 0 | L8: =SUMIF('05.08'!$B$4:$B$11,A8,'05.08'!$C$4:$C$11)+SUMIF('05.08'!$D$4:$D$11,A8,'05.08'!$E$4:$E$11)+SUMIF('05.08'!$F$4:$F$11,A8,'05.08'!$G$4:$G$11)+SUMIF('05.08'!$H$4:$H$11,A8,'05.08'!$I$4:$I$11)+SUMIF('05.08'!$J$4:$J$11,A8,'05.08'!$K$4:$K$11)+SUMIF('05.08'!$L$4:$L$11,A8,'05.08'!$M$4:$M$11)+SUMIF('05.08'!$N$4:$N$11,A8,'05.08'!$O$4:$O$11) -> 0 | M8: =SUMIF('06.08'!$B$4:$B$11,A8,'06.08'!$C$4:$C$11)+SUMIF('06.08'!$D$4:$D$11,A8,'06.08'!$E$4:$E$11)+SUMIF('06.08'!$F$4:$F$11,A8,'06.08'!$G$4:$G$11)+SUMIF('06.08'!$H$4:$H$11,A8,'06.08'!$I$4:$I$11)+SUMIF('06.08'!$J$4:$J$11,A8,'06.08'!$K$4:$K$11)+SUMIF('06.08'!$L$4:$L$11,A8,'06.08'!$M$4:$M$11)+SUMIF('06.08'!$N$4:$N$11,A8,'06.08'!$O$4:$O$11) -> 0 | N8: =SUMIF('07.08'!$B$4:$B$11,A8,'07.08'!$C$4:$C$11)+SUMIF('07.08'!$D$4:$D$11,A8,'07.08'!$E$4:$E$11)+SUMIF('07.08'!$F$4:$F$11,A8,'07.08'!$G$4:$G$11)+SUMIF('07.08'!$H$4:$H$11,A8,'07.08'!$I$4:$I$11)+SUMIF('07.08'!$J$4:$J$11,A8,'07.08'!$K$4:$K$11)+SUMIF('07.08'!$L$4:$L$11,A8,'07.08'!$M$4:$M$11)+SUMIF('07.08'!$N$4:$N$11,A8,'07.08'!$O$4:$O$11) -> 0 | O8: =SUMIF('08.08'!$B$4:$B$11,A8,'08.08'!$C$4:$C$11)+SUMIF('08.08'!$D$4:$D$11,A8,'08.08'!$E$4:$E$11)+SUMIF('08.08'!$F$4:$F$11,A8,'08.08'!$G$4:$G$11)+SUMIF('08.08'!$H$4:$H$11,A8,'08.08'!$I$4:$I$11)+SUMIF('08.08'!$J$4:$J$11,A8,'08.08'!$K$4:$K$11)+SUMIF('08.08'!$L$4:$L$11,A8,'08.08'!$M$4:$M$11)+SUMIF('08.08'!$N$4:$N$11,A8,'08.08'!$O$4:$O$11) -> 0 | P8: =SUMIF('09.08'!$B$4:$B$11,A8,'09.08'!$C$4:$C$11)+SUMIF('09.08'!$D$4:$D$11,A8,'09.08'!$E$4:$E$11)+SUMIF('09.08'!$F$4:$F$11,A8,'09.08'!$G$4:$G$11)+SUMIF('09.08'!$H$4:$H$11,A8,'09.08'!$I$4:$I$11)+SUMIF('09.08'!$J$4:$J$11,A8,'09.08'!$K$4:$K$11)+SUMIF('09.08'!$L$4:$L$11,A8,'09.08'!$M$4:$M$11)+SUMIF('09.08'!$N$4:$N$11,A8,'09.08'!$O$4:$O$11) -> 0 | Q8: =SUMIF('10.08'!$B$4:$B$11,A8,'10.08'!$C$4:$C$11)+SUMIF('10.08'!$D$4:$D$11,A8,'10.08'!$E$4:$E$11)+SUMIF('10.08'!$F$4:$F$11,A8,'10.08'!$G$4:$G$11)+SUMIF('10.08'!$H$4:$H$11,A8,'10.08'!$I$4:$I$11)+SUMIF('10.08'!$J$4:$J$11,A8,'10.08'!$K$4:$K$11)+SUMIF('10.08'!$L$4:$L$11,A8,'10.08'!$M$4:$M$11)+SUMIF('10.08'!$N$4:$N$11,A8,'10.08'!$O$4:$O$11) -> 0 | R8: =SUMIF('11.08'!$B$4:$B$11,A8,'11.08'!$C$4:$C$11)+SUMIF('11.08'!$D$4:$D$11,A8,'11.08'!$E$4:$E$11)+SUMIF('11.08'!$F$4:$F$11,A8,'11.08'!$G$4:$G$11)+SUMIF('11.08'!$H$4:$H$11,A8,'11.08'!$I$4:$I$11)+SUMIF('11.08'!$J$4:$J$11,A8,'11.08'!$K$4:$K$11)+SUMIF('11.08'!$L$4:$L$11,A8,'11.08'!$M$4:$M$11)+SUMIF('11.08'!$N$4:$N$11,A8,'11.08'!$O$4:$O$11) -> #N/A
A9: ='список продуктов'!A11 -> Грибная заправка | B9: ='список продуктов'!B11 -> пачка | C9: ='список продуктов'!C11 | D9: ='список продуктов'!D11 | E9: ='список продуктов'!E11 -> Долгосрочный | F9: =SUM(I9:R9) -> #N/A | G9: =IFERROR(CEILING(F9/C9,1),"Введите занчения") -> Введите занчения | H9: =IFERROR(G9*D9,"Введите занчения") -> Введите занчения | I9: =SUMIF('02.08'!$B$4:$B$11,A9,'02.08'!$C$4:$C$11)+SUMIF('02.08'!$D$4:$D$11,A9,'02.08'!$E$4:$E$11)+SUMIF('02.08'!$F$4:$F$11,A9,'02.08'!$G$4:$G$11)+SUMIF('02.08'!$H$4:$H$11,A9,'02.08'!$I$4:$I$11)+SUMIF('02.08'!$J$4:$J$11,A9,'02.08'!$K$4:$K$11)+SUMIF('02.08'!$L$4:$L$11,A9,'02.08'!$M$4:$M$11)+SUMIF('02.08'!$N$4:$N$11,A9,'02.08'!$O$4:$O$11) -> 0 | J9: =SUMIF('03.08'!$B$4:$B$11,A9,'03.08'!$C$4:$C$11)+SUMIF('03.08'!$D$4:$D$11,A9,'03.08'!$E$4:$E$11)+SUMIF('03.08'!$F$4:$F$11,A9,'03.08'!$G$4:$G$11)+SUMIF('03.08'!$H$4:$H$11,A9,'03.08'!$I$4:$I$11)+SUMIF('03.08'!$J$4:$J$11,A9,'03.08'!$K$4:$K$11)+SUMIF('03.08'!$L$4:$L$11,A9,'03.08'!$M$4:$M$11)+SUMIF('03.08'!$N$4:$N$11,A9,'03.08'!$O$4:$O$11) -> 0 | K9: =SUMIF('04.08'!$B$4:$B$11,A9,'04.08'!$C$4:$C$11)+SUMIF('04.08'!$D$4:$D$11,A9,'04.08'!$E$4:$E$11)+SUMIF('04.08'!$F$4:$F$11,A9,'04.08'!$G$4:$G$11)+SUMIF('04.08'!$H$4:$H$11,A9,'04.08'!$I$4:$I$11)+SUMIF('04.08'!$J$4:$J$11,A9,'04.08'!$K$4:$K$11)+SUMIF('04.08'!$L$4:$L$11,A9,'04.08'!$M$4:$M$11)+SUMIF('04.08'!$N$4:$N$11,A9,'04.08'!$O$4:$O$11) -> 0 | L9: =SUMIF('05.08'!$B$4:$B$11,A9,'05.08'!$C$4:$C$11)+SUMIF('05.08'!$D$4:$D$11,A9,'05.08'!$E$4:$E$11)+SUMIF('05.08'!$F$4:$F$11,A9,'05.08'!$G$4:$G$11)+SUMIF('05.08'!$H$4:$H$11,A9,'05.08'!$I$4:$I$11)+SUMIF('05.08'!$J$4:$J$11,A9,'05.08'!$K$4:$K$11)+SUMIF('05.08'!$L$4:$L$11,A9,'05.08'!$M$4:$M$11)+SUMIF('05.08'!$N$4:$N$11,A9,'05.08'!$O$4:$O$11) -> 0 | M9: =SUMIF('06.08'!$B$4:$B$11,A9,'06.08'!$C$4:$C$11)+SUMIF('06.08'!$D$4:$D$11,A9,'06.08'!$E$4:$E$11)+SUMIF('06.08'!$F$4:$F$11,A9,'06.08'!$G$4:$G$11)+SUMIF('06.08'!$H$4:$H$11,A9,'06.08'!$I$4:$I$11)+SUMIF('06.08'!$J$4:$J$11,A9,'06.08'!$K$4:$K$11)+SUMIF('06.08'!$L$4:$L$11,A9,'06.08'!$M$4:$M$11)+SUMIF('06.08'!$N$4:$N$11,A9,'06.08'!$O$4:$O$11) -> 0 | N9: =SUMIF('07.08'!$B$4:$B$11,A9,'07.08'!$C$4:$C$11)+SUMIF('07.08'!$D$4:$D$11,A9,'07.08'!$E$4:$E$11)+SUMIF('07.08'!$F$4:$F$11,A9,'07.08'!$G$4:$G$11)+SUMIF('07.08'!$H$4:$H$11,A9,'07.08'!$I$4:$I$11)+SUMIF('07.08'!$J$4:$J$11,A9,'07.08'!$K$4:$K$11)+SUMIF('07.08'!$L$4:$L$11,A9,'07.08'!$M$4:$M$11)+SUMIF('07.08'!$N$4:$N$11,A9,'07.08'!$O$4:$O$11) -> 0 | O9: =SUMIF('08.08'!$B$4:$B$11,A9,'08.08'!$C$4:$C$11)+SUMIF('08.08'!$D$4:$D$11,A9,'08.08'!$E$4:$E$11)+SUMIF('08.08'!$F$4:$F$11,A9,'08.08'!$G$4:$G$11)+SUMIF('08.08'!$H$4:$H$11,A9,'08.08'!$I$4:$I$11)+SUMIF('08.08'!$J$4:$J$11,A9,'08.08'!$K$4:$K$11)+SUMIF('08.08'!$L$4:$L$11,A9,'08.08'!$M$4:$M$11)+SUMIF('08.08'!$N$4:$N$11,A9,'08.08'!$O$4:$O$11) -> 0 | P9: =SUMIF('09.08'!$B$4:$B$11,A9,'09.08'!$C$4:$C$11)+SUMIF('09.08'!$D$4:$D$11,A9,'09.08'!$E$4:$E$11)+SUMIF('09.08'!$F$4:$F$11,A9,'09.08'!$G$4:$G$11)+SUMIF('09.08'!$H$4:$H$11,A9,'09.08'!$I$4:$I$11)+SUMIF('09.08'!$J$4:$J$11,A9,'09.08'!$K$4:$K$11)+SUMIF('09.08'!$L$4:$L$11,A9,'09.08'!$M$4:$M$11)+SUMIF('09.08'!$N$4:$N$11,A9,'09.08'!$O$4:$O$11) -> 0 | Q9: =SUMIF('10.08'!$B$4:$B$11,A9,'10.08'!$C$4:$C$11)+SUMIF('10.08'!$D$4:$D$11,A9,'10.08'!$E$4:$E$11)+SUMIF('10.08'!$F$4:$F$11,A9,'10.08'!$G$4:$G$11)+SUMIF('10.08'!$H$4:$H$11,A9,'10.08'!$I$4:$I$11)+SUMIF('10.08'!$J$4:$J$11,A9,'10.08'!$K$4:$K$11)+SUMIF('10.08'!$L$4:$L$11,A9,'10.08'!$M$4:$M$11)+SUMIF('10.08'!$N$4:$N$11,A9,'10.08'!$O$4:$O$11) -> 0 | R9: =SUMIF('11.08'!$B$4:$B$11,A9,'11.08'!$C$4:$C$11)+SUMIF('11.08'!$D$4:$D$11,A9,'11.08'!$E$4:$E$11)+SUMIF('11.08'!$F$4:$F$11,A9,'11.08'!$G$4:$G$11)+SUMIF('11.08'!$H$4:$H$11,A9,'11.08'!$I$4:$I$11)+SUMIF('11.08'!$J$4:$J$11,A9,'11.08'!$K$4:$K$11)+SUMIF('11.08'!$L$4:$L$11,A9,'11.08'!$M$4:$M$11)+SUMIF('11.08'!$N$4:$N$11,A9,'11.08'!$O$4:$O$11) -> #N/A
A10: ='список продуктов'!A12 -> Джем | B10: ='список продуктов'!B12 -> пачка | C10: ='список продуктов'!C12 | D10: ='список продуктов'!D12 | E10: ='список продуктов'!E12 -> Долгосрочный | F10: =SUM(I10:R10) -> #N/A | G10: =IFERROR(CEILING(F10/C10,1),"Введите занчения") -> Введите занчения | H10: =IFERROR(G10*D10,"Введите занчения") -> Введите занчения | I10: =SUMIF('02.08'!$B$4:$B$11,A10,'02.08'!$C$4:$C$11)+SUMIF('02.08'!$D$4:$D$11,A10,'02.08'!$E$4:$E$11)+SUMIF('02.08'!$F$4:$F$11,A10,'02.08'!$G$4:$G$11)+SUMIF('02.08'!$H$4:$H$11,A10,'02.08'!$I$4:$I$11)+SUMIF('02.08'!$J$4:$J$11,A10,'02.08'!$K$4:$K$11)+SUMIF('02.08'!$L$4:$L$11,A10,'02.08'!$M$4:$M$11)+SUMIF('02.08'!$N$4:$N$11,A10,'02.08'!$O$4:$O$11) -> 0 | J10: =SUMIF('03.08'!$B$4:$B$11,A10,'03.08'!$C$4:$C$11)+SUMIF('03.08'!$D$4:$D$11,A10,'03.08'!$E$4:$E$11)+SUMIF('03.08'!$F$4:$F$11,A10,'03.08'!$G$4:$G$11)+SUMIF('03.08'!$H$4:$H$11,A10,'03.08'!$I$4:$I$11)+SUMIF('03.08'!$J$4:$J$11,A10,'03.08'!$K$4:$K$11)+SUMIF('03.08'!$L$4:$L$11,A10,'03.08'!$M$4:$M$11)+SUMIF('03.08'!$N$4:$N$11,A10,'03.08'!$O$4:$O$11) -> 0 | K10: =SUMIF('04.08'!$B$4:$B$11,A10,'04.08'!$C$4:$C$11)+SUMIF('04.08'!$D$4:$D$11,A10,'04.08'!$E$4:$E$11)+SUMIF('04.08'!$F$4:$F$11,A10,'04.08'!$G$4:$G$11)+SUMIF('04.08'!$H$4:$H$11,A10,'04.08'!$I$4:$I$11)+SUMIF('04.08'!$J$4:$J$11,A10,'04.08'!$K$4:$K$11)+SUMIF('04.08'!$L$4:$L$11,A10,'04.08'!$M$4:$M$11)+SUMIF('04.08'!$N$4:$N$11,A10,'04.08'!$O$4:$O$11) -> 0 | L10: =SUMIF('05.08'!$B$4:$B$11,A10,'05.08'!$C$4:$C$11)+SUMIF('05.08'!$D$4:$D$11,A10,'05.08'!$E$4:$E$11)+SUMIF('05.08'!$F$4:$F$11,A10,'05.08'!$G$4:$G$11)+SUMIF('05.08'!$H$4:$H$11,A10,'05.08'!$I$4:$I$11)+SUMIF('05.08'!$J$4:$J$11,A10,'05.08'!$K$4:$K$11)+SUMIF('05.08'!$L$4:$L$11,A10,'05.08'!$M$4:$M$11)+SUMIF('05.08'!$N$4:$N$11,A10,'05.08'!$O$4:$O$11) -> 0 | M10: =SUMIF('06.08'!$B$4:$B$11,A10,'06.08'!$C$4:$C$11)+SUMIF('06.08'!$D$4:$D$11,A10,'06.08'!$E$4:$E$11)+SUMIF('06.08'!$F$4:$F$11,A10,'06.08'!$G$4:$G$11)+SUMIF('06.08'!$H$4:$H$11,A10,'06.08'!$I$4:$I$11)+SUMIF('06.08'!$J$4:$J$11,A10,'06.08'!$K$4:$K$11)+SUMIF('06.08'!$L$4:$L$11,A10,'06.08'!$M$4:$M$11)+SUMIF('06.08'!$N$4:$N$11,A10,'06.08'!$O$4:$O$11) -> 0 | N10: =SUMIF('07.08'!$B$4:$B$11,A10,'07.08'!$C$4:$C$11)+SUMIF('07.08'!$D$4:$D$11,A10,'07.08'!$E$4:$E$11)+SUMIF('07.08'!$F$4:$F$11,A10,'07.08'!$G$4:$G$11)+SUMIF('07.08'!$H$4:$H$11,A10,'07.08'!$I$4:$I$11)+SUMIF('07.08'!$J$4:$J$11,A10,'07.08'!$K$4:$K$11)+SUMIF('07.08'!$L$4:$L$11,A10,'07.08'!$M$4:$M$11)+SUMIF('07.08'!$N$4:$N$11,A10,'07.08'!$O$4:$O$11) -> 0 | O10: =SUMIF('08.08'!$B$4:$B$11,A10,'08.08'!$C$4:$C$11)+SUMIF('08.08'!$D$4:$D$11,A10,'08.08'!$E$4:$E$11)+SUMIF('08.08'!$F$4:$F$11,A10,'08.08'!$G$4:$G$11)+SUMIF('08.08'!$H$4:$H$11,A10,'08.08'!$I$4:$I$11)+SUMIF('08.08'!$J$4:$J$11,A10,'08.08'!$K$4:$K$11)+SUMIF('08.08'!$L$4:$L$11,A10,'08.08'!$M$4:$M$11)+SUMIF('08.08'!$N$4:$N$11,A10,'08.08'!$O$4:$O$11) -> 0 | P10: =SUMIF('09.08'!$B$4:$B$11,A10,'09.08'!$C$4:$C$11)+SUMIF('09.08'!$D$4:$D$11,A10,'09.08'!$E$4:$E$11)+SUMIF('09.08'!$F$4:$F$11,A10,'09.08'!$G$4:$G$11)+SUMIF('09.08'!$H$4:$H$11,A10,'09.08'!$I$4:$I$11)+SUMIF('09.08'!$J$4:$J$11,A10,'09.08'!$K$4:$K$11)+SUMIF('09.08'!$L$4:$L$11,A10,'09.08'!$M$4:$M$11)+SUMIF('09.08'!$N$4:$N$11,A10,'09.08'!$O$4:$O$11) -> 0 | Q10: =SUMIF('10.08'!$B$4:$B$11,A10,'10.08'!$C$4:$C$11)+SUMIF('10.08'!$D$4:$D$11,A10,'10.08'!$E$4:$E$11)+SUMIF('10.08'!$F$4:$F$11,A10,'10.08'!$G$4:$G$11)+SUMIF('10.08'!$H$4:$H$11,A10,'10.08'!$I$4:$I$11)+SUMIF('10.08'!$J$4:$J$11,A10,'10.08'!$K$4:$K$11)+SUMIF('10.08'!$L$4:$L$11,A10,'10.08'!$M$4:$M$11)+SUMIF('10.08'!$N$4:$N$11,A10,'10.08'!$O$4:$O$11) -> 0 | R10: =SUMIF('11.08'!$B$4:$B$11,A10,'11.08'!$C$4:$C$11)+SUMIF('11.08'!$D$4:$D$11,A10,'11.08'!$E$4:$E$11)+SUMIF('11.08'!$F$4:$F$11,A10,'11.08'!$G$4:$G$11)+SUMIF('11.08'!$H$4:$H$11,A10,'11.08'!$I$4:$I$11)+SUMIF('11.08'!$J$4:$J$11,A10,'11.08'!$K$4:$K$11)+SUMIF('11.08'!$L$4:$L$11,A10,'11.08'!$M$4:$M$11)+SUMIF('11.08'!$N$4:$N$11,A10,'11.08'!$O$4:$O$11) -> #N/A
A11: ='список продуктов'!A13 -> Дрожжи | B11: ='список продуктов'!B13 -> пачка | C11: ='список продуктов'!C13 | D11: ='список продуктов'!D13 | E11: ='список продуктов'!E13 -> Долгосрочный | F11: =SUM(I11:R11) -> #N/A | G11: =IFERROR(CEILING(F11/C11,1),"Введите занчения") -> Введите занчения | H11: =IFERROR(G11*D11,"Введите занчения") -> Введите занчения | I11: =SUMIF('02.08'!$B$4:$B$11,A11,'02.08'!$C$4:$C$11)+SUMIF('02.08'!$D$4:$D$11,A11,'02.08'!$E$4:$E$11)+SUMIF('02.08'!$F$4:$F$11,A11,'02.08'!$G$4:$G$11)+SUMIF('02.08'!$H$4:$H$11,A11,'02.08'!$I$4:$I$11)+SUMIF('02.08'!$J$4:$J$11,A11,'02.08'!$K$4:$K$11)+SUMIF('02.08'!$L$4:$L$11,A11,'02.08'!$M$4:$M$11)+SUMIF('02.08'!$N$4:$N$11,A11,'02.08'!$O$4:$O$11) -> 0 | J11: =SUMIF('03.08'!$B$4:$B$11,A11,'03.08'!$C$4:$C$11)+SUMIF('03.08'!$D$4:$D$11,A11,'03.08'!$E$4:$E$11)+SUMIF('03.08'!$F$4:$F$11,A11,'03.08'!$G$4:$G$11)+SUMIF('03.08'!$H$4:$H$11,A11,'03.08'!$I$4:$I$11)+SUMIF('03.08'!$J$4:$J$11,A11,'03.08'!$K$4:$K$11)+SUMIF('03.08'!$L$4:$L$11,A11,'03.08'!$M$4:$M$11)+SUMIF('03.08'!$N$4:$N$11,A11,'03.08'!$O$4:$O$11) -> 0 | K11: =SUMIF('04.08'!$B$4:$B$11,A11,'04.08'!$C$4:$C$11)+SUMIF('04.08'!$D$4:$D$11,A11,'04.08'!$E$4:$E$11)+SUMIF('04.08'!$F$4:$F$11,A11,'04.08'!$G$4:$G$11)+SUMIF('04.08'!$H$4:$H$11,A11,'04.08'!$I$4:$I$11)+SUMIF('04.08'!$J$4:$J$11,A11,'04.08'!$K$4:$K$11)+SUMIF('04.08'!$L$4:$L$11,A11,'04.08'!$M$4:$M$11)+SUMIF('04.08'!$N$4:$N$11,A11,'04.08'!$O$4:$O$11) -> 0 | L11: =SUMIF('05.08'!$B$4:$B$11,A11,'05.08'!$C$4:$C$11)+SUMIF('05.08'!$D$4:$D$11,A11,'05.08'!$E$4:$E$11)+SUMIF('05.08'!$F$4:$F$11,A11,'05.08'!$G$4:$G$11)+SUMIF('05.08'!$H$4:$H$11,A11,'05.08'!$I$4:$I$11)+SUMIF('05.08'!$J$4:$J$11,A11,'05.08'!$K$4:$K$11)+SUMIF('05.08'!$L$4:$L$11,A11,'05.08'!$M$4:$M$11)+SUMIF('05.08'!$N$4:$N$11,A11,'05.08'!$O$4:$O$11) -> 0 | M11: =SUMIF('06.08'!$B$4:$B$11,A11,'06.08'!$C$4:$C$11)+SUMIF('06.08'!$D$4:$D$11,A11,'06.08'!$E$4:$E$11)+SUMIF('06.08'!$F$4:$F$11,A11,'06.08'!$G$4:$G$11)+SUMIF('06.08'!$H$4:$H$11,A11,'06.08'!$I$4:$I$11)+SUMIF('06.08'!$J$4:$J$11,A11,'06.08'!$K$4:$K$11)+SUMIF('06.08'!$L$4:$L$11,A11,'06.08'!$M$4:$M$11)+SUMIF('06.08'!$N$4:$N$11,A11,'06.08'!$O$4:$O$11) -> 0 | N11: =SUMIF('07.08'!$B$4:$B$11,A11,'07.08'!$C$4:$C$11)+SUMIF('07.08'!$D$4:$D$11,A11,'07.08'!$E$4:$E$11)+SUMIF('07.08'!$F$4:$F$11,A11,'07.08'!$G$4:$G$11)+SUMIF('07.08'!$H$4:$H$11,A11,'07.08'!$I$4:$I$11)+SUMIF('07.08'!$J$4:$J$11,A11,'07.08'!$K$4:$K$11)+SUMIF('07.08'!$L$4:$L$11,A11,'07.08'!$M$4:$M$11)+SUMIF('07.08'!$N$4:$N$11,A11,'07.08'!$O$4:$O$11) -> 0 | O11: =SUMIF('08.08'!$B$4:$B$11,A11,'08.08'!$C$4:$C$11)+SUMIF('08.08'!$D$4:$D$11,A11,'08.08'!$E$4:$E$11)+SUMIF('08.08'!$F$4:$F$11,A11,'08.08'!$G$4:$G$11)+SUMIF('08.08'!$H$4:$H$11,A11,'08.08'!$I$4:$I$11)+SUMIF('08.08'!$J$4:$J$11,A11,'08.08'!$K$4:$K$11)+SUMIF('08.08'!$L$4:$L$11,A11,'08.08'!$M$4:$M$11)+SUMIF('08.08'!$N$4:$N$11,A11,'08.08'!$O$4:$O$11) -> 0 | P11: =SUMIF('09.08'!$B$4:$B$11,A11,'09.08'!$C$4:$C$11)+SUMIF('09.08'!$D$4:$D$11,A11,'09.08'!$E$4:$E$11)+SUMIF('09.08'!$F$4:$F$11,A11,'09.08'!$G$4:$G$11)+SUMIF('09.08'!$H$4:$H$11,A11,'09.08'!$I$4:$I$11)+SUMIF('09.08'!$J$4:$J$11,A11,'09.08'!$K$4:$K$11)+SUMIF('09.08'!$L$4:$L$11,A11,'09.08'!$M$4:$M$11)+SUMIF('09.08'!$N$4:$N$11,A11,'09.08'!$O$4:$O$11) -> 0 | Q11: =SUMIF('10.08'!$B$4:$B$11,A11,'10.08'!$C$4:$C$11)+SUMIF('10.08'!$D$4:$D$11,A11,'10.08'!$E$4:$E$11)+SUMIF('10.08'!$F$4:$F$11,A11,'10.08'!$G$4:$G$11)+SUMIF('10.08'!$H$4:$H$11,A11,'10.08'!$I$4:$I$11)+SUMIF('10.08'!$J$4:$J$11,A11,'10.08'!$K$4:$K$11)+SUMIF('10.08'!$L$4:$L$11,A11,'10.08'!$M$4:$M$11)+SUMIF('10.08'!$N$4:$N$11,A11,'10.08'!$O$4:$O$11) -> 0 | R11: =SUMIF('11.08'!$B$4:$B$11,A11,'11.08'!$C$4:$C$11)+SUMIF('11.08'!$D$4:$D$11,A11,'11.08'!$E$4:$E$11)+SUMIF('11.08'!$F$4:$F$11,A11,'11.08'!$G$4:$G$11)+SUMIF('11.08'!$H$4:$H$11,A11,'11.08'!$I$4:$I$11)+SUMIF('11.08'!$J$4:$J$11,A11,'11.08'!$K$4:$K$11)+SUMIF('11.08'!$L$4:$L$11,A11,'11.08'!$M$4:$M$11)+SUMIF('11.08'!$N$4:$N$11,A11,'11.08'!$O$4:$O$11) -> #N/A
A12: ='список продуктов'!A14 -> Заготовка для супа сухая | B12: ='список продуктов'!B14 -> пачка | C12: ='список продуктов'!C14 | D12: ='список продуктов'!D14 | E12: ='список продуктов'!E14 -> Долгосрочный | F12: =SUM(I12:R12) -> #N/A | G12: =IFERROR(CEILING(F12/C12,1),"Введите занчения") -> Введите занчения | H12: =IFERROR(G12*D12,"Введите занчения") -> Введите занчения | I12: =SUMIF('02.08'!$B$4:$B$11,A12,'02.08'!$C$4:$C$11)+SUMIF('02.08'!$D$4:$D$11,A12,'02.08'!$E$4:$E$11)+SUMIF('02.08'!$F$4:$F$11,A12,'02.08'!$G$4:$G$11)+SUMIF('02.08'!$H$4:$H$11,A12,'02.08'!$I$4:$I$11)+SUMIF('02.08'!$J$4:$J$11,A12,'02.08'!$K$4:$K$11)+SUMIF('02.08'!$L$4:$L$11,A12,'02.08'!$M$4:$M$11)+SUMIF('02.08'!$N$4:$N$11,A12,'02.08'!$O$4:$O$11) -> 0 | J12: =SUMIF('03.08'!$B$4:$B$11,A12,'03.08'!$C$4:$C$11)+SUMIF('03.08'!$D$4:$D$11,A12,'03.08'!$E$4:$E$11)+SUMIF('03.08'!$F$4:$F$11,A12,'03.08'!$G$4:$G$11)+SUMIF('03.08'!$H$4:$H$11,A12,'03.08'!$I$4:$I$11)+SUMIF('03.08'!$J$4:$J$11,A12,'03.08'!$K$4:$K$11)+SUMIF('03.08'!$L$4:$L$11,A12,'03.08'!$M$4:$M$11)+SUMIF('03.08'!$N$4:$N$11,A12,'03.08'!$O$4:$O$11) -> 0 | K12: =SUMIF('04.08'!$B$4:$B$11,A12,'04.08'!$C$4:$C$11)+SUMIF('04.08'!$D$4:$D$11,A12,'04.08'!$E$4:$E$11)+SUMIF('04.08'!$F$4:$F$11,A12,'04.08'!$G$4:$G$11)+SUMIF('04.08'!$H$4:$H$11,A12,'04.08'!$I$4:$I$11)+SUMIF('04.08'!$J$4:$J$11,A12,'04.08'!$K$4:$K$11)+SUMIF('04.08'!$L$4:$L$11,A12,'04.08'!$M$4:$M$11)+SUMIF('04.08'!$N$4:$N$11,A12,'04.08'!$O$4:$O$11) -> 0 | L12: =SUMIF('05.08'!$B$4:$B$11,A12,'05.08'!$C$4:$C$11)+SUMIF('05.08'!$D$4:$D$11,A12,'05.08'!$E$4:$E$11)+SUMIF('05.08'!$F$4:$F$11,A12,'05.08'!$G$4:$G$11)+SUMIF('05.08'!$H$4:$H$11,A12,'05.08'!$I$4:$I$11)+SUMIF('05.08'!$J$4:$J$11,A12,'05.08'!$K$4:$K$11)+SUMIF('05.08'!$L$4:$L$11,A12,'05.08'!$M$4:$M$11)+SUMIF('05.08'!$N$4:$N$11,A12,'05.08'!$O$4:$O$11) -> 0 | M12: =SUMIF('06.08'!$B$4:$B$11,A12,'06.08'!$C$4:$C$11)+SUMIF('06.08'!$D$4:$D$11,A12,'06.08'!$E$4:$E$11)+SUMIF('06.08'!$F$4:$F$11,A12,'06.08'!$G$4:$G$11)+SUMIF('06.08'!$H$4:$H$11,A12,'06.08'!$I$4:$I$11)+SUMIF('06.08'!$J$4:$J$11,A12,'06.08'!$K$4:$K$11)+SUMIF('06.08'!$L$4:$L$11,A12,'06.08'!$M$4:$M$11)+SUMIF('06.08'!$N$4:$N$11,A12,'06.08'!$O$4:$O$11) -> 0 | N12: =SUMIF('07.08'!$B$4:$B$11,A12,'07.08'!$C$4:$C$11)+SUMIF('07.08'!$D$4:$D$11,A12,'07.08'!$E$4:$E$11)+SUMIF('07.08'!$F$4:$F$11,A12,'07.08'!$G$4:$G$11)+SUMIF('07.08'!$H$4:$H$11,A12,'07.08'!$I$4:$I$11)+SUMIF('07.08'!$J$4:$J$11,A12,'07.08'!$K$4:$K$11)+SUMIF('07.08'!$L$4:$L$11,A12,'07.08'!$M$4:$M$11)+SUMIF('07.08'!$N$4:$N$11,A12,'07.08'!$O$4:$O$11) -> 0 | O12: =SUMIF('08.08'!$B$4:$B$11,A12,'08.08'!$C$4:$C$11)+SUMIF('08.08'!$D$4:$D$11,A12,'08.08'!$E$4:$E$11)+SUMIF('08.08'!$F$4:$F$11,A12,'08.08'!$G$4:$G$11)+SUMIF('08.08'!$H$4:$H$11,A12,'08.08'!$I$4:$I$11)+SUMIF('08.08'!$J$4:$J$11,A12,'08.08'!$K$4:$K$11)+SUMIF('08.08'!$L$4:$L$11,A12,'08.08'!$M$4:$M$11)+SUMIF('08.08'!$N$4:$N$11,A12,'08.08'!$O$4:$O$11) -> 0 | P12: =SUMIF('09.08'!$B$4:$B$11,A12,'09.08'!$C$4:$C$11)+SUMIF('09.08'!$D$4:$D$11,A12,'09.08'!$E$4:$E$11)+SUMIF('09.08'!$F$4:$F$11,A12,'09.08'!$G$4:$G$11)+SUMIF('09.08'!$H$4:$H$11,A12,'09.08'!$I$4:$I$11)+SUMIF('09.08'!$J$4:$J$11,A12,'09.08'!$K$4:$K$11)+SUMIF('09.08'!$L$4:$L$11,A12,'09.08'!$M$4:$M$11)+SUMIF('09.08'!$N$4:$N$11,A12,'09.08'!$O$4:$O$11) -> 0 | Q12: =SUMIF('10.08'!$B$4:$B$11,A12,'10.08'!$C$4:$C$11)+SUMIF('10.08'!$D$4:$D$11,A12,'10.08'!$E$4:$E$11)+SUMIF('10.08'!$F$4:$F$11,A12,'10.08'!$G$4:$G$11)+SUMIF('10.08'!$H$4:$H$11,A12,'10.08'!$I$4:$I$11)+SUMIF('10.08'!$J$4:$J$11,A12,'10.08'!$K$4:$K$11)+SUMIF('10.08'!$L$4:$L$11,A12,'10.08'!$M$4:$M$11)+SUMIF('10.08'!$N$4:$N$11,A12,'10.08'!$O$4:$O$11) -> 0 | R12: =SUMIF('11.08'!$B$4:$B$11,A12,'11.08'!$C$4:$C$11)+SUMIF('11.08'!$D$4:$D$11,A12,'11.08'!$E$4:$E$11)+SUMIF('11.08'!$F$4:$F$11,A12,'11.08'!$G$4:$G$11)+SUMIF('11.08'!$H$4:$H$11,A12,'11.08'!$I$4:$I$11)+SUMIF('11.08'!$J$4:$J$11,A12,'11.08'!$K$4:$K$11)+SUMIF('11.08'!$L$4:$L$11,A12,'11.08'!$M$4:$M$11)+SUMIF('11.08'!$N$4:$N$11,A12,'11.08'!$O$4:$O$11) -> #N/A
A13: ='список продуктов'!A16 -> Кабачки | B13: ='список продуктов'!B16 -> кг | C13: ='список продуктов'!C16 -> 1000 | D13: ='список продуктов'!D16 | E13: ='список продуктов'!E16 -> Краткосрочный | F13: =SUM(I13:R13) -> #N/A | G13: =IFERROR(CEILING(F13/C13,1),"Введите занчения") -> Введите занчения | H13: =IFERROR(G13*D13,"Введите занчения") -> Введите занчения | I13: =SUMIF('02.08'!$B$4:$B$11,A13,'02.08'!$C$4:$C$11)+SUMIF('02.08'!$D$4:$D$11,A13,'02.08'!$E$4:$E$11)+SUMIF('02.08'!$F$4:$F$11,A13,'02.08'!$G$4:$G$11)+SUMIF('02.08'!$H$4:$H$11,A13,'02.08'!$I$4:$I$11)+SUMIF('02.08'!$J$4:$J$11,A13,'02.08'!$K$4:$K$11)+SUMIF('02.08'!$L$4:$L$11,A13,'02.08'!$M$4:$M$11)+SUMIF('02.08'!$N$4:$N$11,A13,'02.08'!$O$4:$O$11) -> 0 | J13: =SUMIF('03.08'!$B$4:$B$11,A13,'03.08'!$C$4:$C$11)+SUMIF('03.08'!$D$4:$D$11,A13,'03.08'!$E$4:$E$11)+SUMIF('03.08'!$F$4:$F$11,A13,'03.08'!$G$4:$G$11)+SUMIF('03.08'!$H$4:$H$11,A13,'03.08'!$I$4:$I$11)+SUMIF('03.08'!$J$4:$J$11,A13,'03.08'!$K$4:$K$11)+SUMIF('03.08'!$L$4:$L$11,A13,'03.08'!$M$4:$M$11)+SUMIF('03.08'!$N$4:$N$11,A13,'03.08'!$O$4:$O$11) -> 0 | K13: =SUMIF('04.08'!$B$4:$B$11,A13,'04.08'!$C$4:$C$11)+SUMIF('04.08'!$D$4:$D$11,A13,'04.08'!$E$4:$E$11)+SUMIF('04.08'!$F$4:$F$11,A13,'04.08'!$G$4:$G$11)+SUMIF('04.08'!$H$4:$H$11,A13,'04.08'!$I$4:$I$11)+SUMIF('04.08'!$J$4:$J$11,A13,'04.08'!$K$4:$K$11)+SUMIF('04.08'!$L$4:$L$11,A13,'04.08'!$M$4:$M$11)+SUMIF('04.08'!$N$4:$N$11,A13,'04.08'!$O$4:$O$11) -> 0 | L13: =SUMIF('05.08'!$B$4:$B$11,A13,'05.08'!$C$4:$C$11)+SUMIF('05.08'!$D$4:$D$11,A13,'05.08'!$E$4:$E$11)+SUMIF('05.08'!$F$4:$F$11,A13,'05.08'!$G$4:$G$11)+SUMIF('05.08'!$H$4:$H$11,A13,'05.08'!$I$4:$I$11)+SUMIF('05.08'!$J$4:$J$11,A13,'05.08'!$K$4:$K$11)+SUMIF('05.08'!$L$4:$L$11,A13,'05.08'!$M$4:$M$11)+SUMIF('05.08'!$N$4:$N$11,A13,'05.08'!$O$4:$O$11) -> 0 | M13: =SUMIF('06.08'!$B$4:$B$11,A13,'06.08'!$C$4:$C$11)+SUMIF('06.08'!$D$4:$D$11,A13,'06.08'!$E$4:$E$11)+SUMIF('06.08'!$F$4:$F$11,A13,'06.08'!$G$4:$G$11)+SUMIF('06.08'!$H$4:$H$11,A13,'06.08'!$I$4:$I$11)+SUMIF('06.08'!$J$4:$J$11,A13,'06.08'!$K$4:$K$11)+SUMIF('06.08'!$L$4:$L$11,A13,'06.08'!$M$4:$M$11)+SUMIF('06.08'!$N$4:$N$11,A13,'06.08'!$O$4:$O$11) -> 0 | N13: =SUMIF('07.08'!$B$4:$B$11,A13,'07.08'!$C$4:$C$11)+SUMIF('07.08'!$D$4:$D$11,A13,'07.08'!$E$4:$E$11)+SUMIF('07.08'!$F$4:$F$11,A13,'07.08'!$G$4:$G$11)+SUMIF('07.08'!$H$4:$H$11,A13,'07.08'!$I$4:$I$11)+SUMIF('07.08'!$J$4:$J$11,A13,'07.08'!$K$4:$K$11)+SUMIF('07.08'!$L$4:$L$11,A13,'07.08'!$M$4:$M$11)+SUMIF('07.08'!$N$4:$N$11,A13,'07.08'!$O$4:$O$11) -> 0 | O13: =SUMIF('08.08'!$B$4:$B$11,A13,'08.08'!$C$4:$C$11)+SUMIF('08.08'!$D$4:$D$11,A13,'08.08'!$E$4:$E$11)+SUMIF('08.08'!$F$4:$F$11,A13,'08.08'!$G$4:$G$11)+SUMIF('08.08'!$H$4:$H$11,A13,'08.08'!$I$4:$I$11)+SUMIF('08.08'!$J$4:$J$11,A13,'08.08'!$K$4:$K$11)+SUMIF('08.08'!$L$4:$L$11,A13,'08.08'!$M$4:$M$11)+SUMIF('08.08'!$N$4:$N$11,A13,'08.08'!$O$4:$O$11) -> 0 | P13: =SUMIF('09.08'!$B$4:$B$11,A13,'09.08'!$C$4:$C$11)+SUMIF('09.08'!$D$4:$D$11,A13,'09.08'!$E$4:$E$11)+SUMIF('09.08'!$F$4:$F$11,A13,'09.08'!$G$4:$G$11)+SUMIF('09.08'!$H$4:$H$11,A13,'09.08'!$I$4:$I$11)+SUMIF('09.08'!$J$4:$J$11,A13,'09.08'!$K$4:$K$11)+SUMIF('09.08'!$L$4:$L$11,A13,'09.08'!$M$4:$M$11)+SUMIF('09.08'!$N$4:$N$11,A13,'09.08'!$O$4:$O$11) -> 0 | Q13: =SUMIF('10.08'!$B$4:$B$11,A13,'10.08'!$C$4:$C$11)+SUMIF('10.08'!$D$4:$D$11,A13,'10.08'!$E$4:$E$11)+SUMIF('10.08'!$F$4:$F$11,A13,'10.08'!$G$4:$G$11)+SUMIF('10.08'!$H$4:$H$11,A13,'10.08'!$I$4:$I$11)+SUMIF('10.08'!$J$4:$J$11,A13,'10.08'!$K$4:$K$11)+SUMIF('10.08'!$L$4:$L$11,A13,'10.08'!$M$4:$M$11)+SUMIF('10.08'!$N$4:$N$11,A13,'10.08'!$O$4:$O$11) -> 0 | R13: =SUMIF('11.08'!$B$4:$B$11,A13,'11.08'!$C$4:$C$11)+SUMIF('11.08'!$D$4:$D$11,A13,'11.08'!$E$4:$E$11)+SUMIF('11.08'!$F$4:$F$11,A13,'11.08'!$G$4:$G$11)+SUMIF('11.08'!$H$4:$H$11,A13,'11.08'!$I$4:$I$11)+SUMIF('11.08'!$J$4:$J$11,A13,'11.08'!$K$4:$K$11)+SUMIF('11.08'!$L$4:$L$11,A13,'11.08'!$M$4:$M$11)+SUMIF('11.08'!$N$4:$N$11,A13,'11.08'!$O$4:$O$11) -> #N/A
A14: ='список продуктов'!A17 -> Капуста | B14: ='список продуктов'!B17 -> кг | C14: ='список продуктов'!C17 -> 1000 | D14: ='список продуктов'!D17 | E14: ='список продуктов'!E17 -> Краткосрочный | F14: =SUM(I14:R14) -> #N/A | G14: =IFERROR(CEILING(F14/C14,1),"Введите занчения") -> Введите занчения | H14: =IFERROR(G14*D14,"Введите занчения") -> Введите занчения | I14: =SUMIF('02.08'!$B$4:$B$11,A14,'02.08'!$C$4:$C$11)+SUMIF('02.08'!$D$4:$D$11,A14,'02.08'!$E$4:$E$11)+SUMIF('02.08'!$F$4:$F$11,A14,'02.08'!$G$4:$G$11)+SUMIF('02.08'!$H$4:$H$11,A14,'02.08'!$I$4:$I$11)+SUMIF('02.08'!$J$4:$J$11,A14,'02.08'!$K$4:$K$11)+SUMIF('02.08'!$L$4:$L$11,A14,'02.08'!$M$4:$M$11)+SUMIF('02.08'!$N$4:$N$11,A14,'02.08'!$O$4:$O$11) -> 0 | J14: =SUMIF('03.08'!$B$4:$B$11,A14,'03.08'!$C$4:$C$11)+SUMIF('03.08'!$D$4:$D$11,A14,'03.08'!$E$4:$E$11)+SUMIF('03.08'!$F$4:$F$11,A14,'03.08'!$G$4:$G$11)+SUMIF('03.08'!$H$4:$H$11,A14,'03.08'!$I$4:$I$11)+SUMIF('03.08'!$J$4:$J$11,A14,'03.08'!$K$4:$K$11)+SUMIF('03.08'!$L$4:$L$11,A14,'03.08'!$M$4:$M$11)+SUMIF('03.08'!$N$4:$N$11,A14,'03.08'!$O$4:$O$11) -> 0 | K14: =SUMIF('04.08'!$B$4:$B$11,A14,'04.08'!$C$4:$C$11)+SUMIF('04.08'!$D$4:$D$11,A14,'04.08'!$E$4:$E$11)+SUMIF('04.08'!$F$4:$F$11,A14,'04.08'!$G$4:$G$11)+SUMIF('04.08'!$H$4:$H$11,A14,'04.08'!$I$4:$I$11)+SUMIF('04.08'!$J$4:$J$11,A14,'04.08'!$K$4:$K$11)+SUMIF('04.08'!$L$4:$L$11,A14,'04.08'!$M$4:$M$11)+SUMIF('04.08'!$N$4:$N$11,A14,'04.08'!$O$4:$O$11) -> 0 | L14: =SUMIF('05.08'!$B$4:$B$11,A14,'05.08'!$C$4:$C$11)+SUMIF('05.08'!$D$4:$D$11,A14,'05.08'!$E$4:$E$11)+SUMIF('05.08'!$F$4:$F$11,A14,'05.08'!$G$4:$G$11)+SUMIF('05.08'!$H$4:$H$11,A14,'05.08'!$I$4:$I$11)+SUMIF('05.08'!$J$4:$J$11,A14,'05.08'!$K$4:$K$11)+SUMIF('05.08'!$L$4:$L$11,A14,'05.08'!$M$4:$M$11)+SUMIF('05.08'!$N$4:$N$11,A14,'05.08'!$O$4:$O$11) -> 0 | M14: =SUMIF('06.08'!$B$4:$B$11,A14,'06.08'!$C$4:$C$11)+SUMIF('06.08'!$D$4:$D$11,A14,'06.08'!$E$4:$E$11)+SUMIF('06.08'!$F$4:$F$11,A14,'06.08'!$G$4:$G$11)+SUMIF('06.08'!$H$4:$H$11,A14,'06.08'!$I$4:$I$11)+SUMIF('06.08'!$J$4:$J$11,A14,'06.08'!$K$4:$K$11)+SUMIF('06.08'!$L$4:$L$11,A14,'06.08'!$M$4:$M$11)+SUMIF('06.08'!$N$4:$N$11,A14,'06.08'!$O$4:$O$11) -> 0 | N14: =SUMIF('07.08'!$B$4:$B$11,A14,'07.08'!$C$4:$C$11)+SUMIF('07.08'!$D$4:$D$11,A14,'07.08'!$E$4:$E$11)+SUMIF('07.08'!$F$4:$F$11,A14,'07.08'!$G$4:$G$11)+SUMIF('07.08'!$H$4:$H$11,A14,'07.08'!$I$4:$I$11)+SUMIF('07.08'!$J$4:$J$11,A14,'07.08'!$K$4:$K$11)+SUMIF('07.08'!$L$4:$L$11,A14,'07.08'!$M$4:$M$11)+SUMIF('07.08'!$N$4:$N$11,A14,'07.08'!$O$4:$O$11) -> 0 | O14: =SUMIF('08.08'!$B$4:$B$11,A14,'08.08'!$C$4:$C$11)+SUMIF('08.08'!$D$4:$D$11,A14,'08.08'!$E$4:$E$11)+SUMIF('08.08'!$F$4:$F$11,A14,'08.08'!$G$4:$G$11)+SUMIF('08.08'!$H$4:$H$11,A14,'08.08'!$I$4:$I$11)+SUMIF('08.08'!$J$4:$J$11,A14,'08.08'!$K$4:$K$11)+SUMIF('08.08'!$L$4:$L$11,A14,'08.08'!$M$4:$M$11)+SUMIF('08.08'!$N$4:$N$11,A14,'08.08'!$O$4:$O$11) -> 0 | P14: =SUMIF('09.08'!$B$4:$B$11,A14,'09.08'!$C$4:$C$11)+SUMIF('09.08'!$D$4:$D$11,A14,'09.08'!$E$4:$E$11)+SUMIF('09.08'!$F$4:$F$11,A14,'09.08'!$G$4:$G$11)+SUMIF('09.08'!$H$4:$H$11,A14,'09.08'!$I$4:$I$11)+SUMIF('09.08'!$J$4:$J$11,A14,'09.08'!$K$4:$K$11)+SUMIF('09.08'!$L$4:$L$11,A14,'09.08'!$M$4:$M$11)+SUMIF('09.08'!$N$4:$N$11,A14,'09.08'!$O$4:$O$11) -> 0 | Q14: =SUMIF('10.08'!$B$4:$B$11,A14,'10.08'!$C$4:$C$11)+SUMIF('10.08'!$D$4:$D$11,A14,'10.08'!$E$4:$E$11)+SUMIF('10.08'!$F$4:$F$11,A14,'10.08'!$G$4:$G$11)+SUMIF('10.08'!$H$4:$H$11,A14,'10.08'!$I$4:$I$11)+SUMIF('10.08'!$J$4:$J$11,A14,'10.08'!$K$4:$K$11)+SUMIF('10.08'!$L$4:$L$11,A14,'10.08'!$M$4:$M$11)+SUMIF('10.08'!$N$4:$N$11,A14,'10.08'!$O$4:$O$11) -> 0 | R14: =SUMIF('11.08'!$B$4:$B$11,A14,'11.08'!$C$4:$C$11)+SUMIF('11.08'!$D$4:$D$11,A14,'11.08'!$E$4:$E$11)+SUMIF('11.08'!$F$4:$F$11,A14,'11.08'!$G$4:$G$11)+SUMIF('11.08'!$H$4:$H$11,A14,'11.08'!$I$4:$I$11)+SUMIF('11.08'!$J$4:$J$11,A14,'11.08'!$K$4:$K$11)+SUMIF('11.08'!$L$4:$L$11,A14,'11.08'!$M$4:$M$11)+SUMIF('11.08'!$N$4:$N$11,A14,'11.08'!$O$4:$O$11) -> #N/A
A15: ='список продуктов'!A18 -> Картофель | B15: ='список продуктов'!B18 -> кг | C15: ='список продуктов'!C18 -> 1000 | D15: ='список продуктов'!D18 | E15: ='список продуктов'!E18 -> Краткосрочный | F15: =SUM(I15:R15) -> #N/A | G15: =IFERROR(CEILING(F15/C15,1),"Введите занчения") -> Введите занчения | H15: =IFERROR(G15*D15,"Введите занчения") -> Введите занчения | I15: =SUMIF('02.08'!$B$4:$B$11,A15,'02.08'!$C$4:$C$11)+SUMIF('02.08'!$D$4:$D$11,A15,'02.08'!$E$4:$E$11)+SUMIF('02.08'!$F$4:$F$11,A15,'02.08'!$G$4:$G$11)+SUMIF('02.08'!$H$4:$H$11,A15,'02.08'!$I$4:$I$11)+SUMIF('02.08'!$J$4:$J$11,A15,'02.08'!$K$4:$K$11)+SUMIF('02.08'!$L$4:$L$11,A15,'02.08'!$M$4:$M$11)+SUMIF('02.08'!$N$4:$N$11,A15,'02.08'!$O$4:$O$11) -> 0 | J15: =SUMIF('03.08'!$B$4:$B$11,A15,'03.08'!$C$4:$C$11)+SUMIF('03.08'!$D$4:$D$11,A15,'03.08'!$E$4:$E$11)+SUMIF('03.08'!$F$4:$F$11,A15,'03.08'!$G$4:$G$11)+SUMIF('03.08'!$H$4:$H$11,A15,'03.08'!$I$4:$I$11)+SUMIF('03.08'!$J$4:$J$11,A15,'03.08'!$K$4:$K$11)+SUMIF('03.08'!$L$4:$L$11,A15,'03.08'!$M$4:$M$11)+SUMIF('03.08'!$N$4:$N$11,A15,'03.08'!$O$4:$O$11) -> 0 | K15: =SUMIF('04.08'!$B$4:$B$11,A15,'04.08'!$C$4:$C$11)+SUMIF('04.08'!$D$4:$D$11,A15,'04.08'!$E$4:$E$11)+SUMIF('04.08'!$F$4:$F$11,A15,'04.08'!$G$4:$G$11)+SUMIF('04.08'!$H$4:$H$11,A15,'04.08'!$I$4:$I$11)+SUMIF('04.08'!$J$4:$J$11,A15,'04.08'!$K$4:$K$11)+SUMIF('04.08'!$L$4:$L$11,A15,'04.08'!$M$4:$M$11)+SUMIF('04.08'!$N$4:$N$11,A15,'04.08'!$O$4:$O$11) -> 0 | L15: =SUMIF('05.08'!$B$4:$B$11,A15,'05.08'!$C$4:$C$11)+SUMIF('05.08'!$D$4:$D$11,A15,'05.08'!$E$4:$E$11)+SUMIF('05.08'!$F$4:$F$11,A15,'05.08'!$G$4:$G$11)+SUMIF('05.08'!$H$4:$H$11,A15,'05.08'!$I$4:$I$11)+SUMIF('05.08'!$J$4:$J$11,A15,'05.08'!$K$4:$K$11)+SUMIF('05.08'!$L$4:$L$11,A15,'05.08'!$M$4:$M$11)+SUMIF('05.08'!$N$4:$N$11,A15,'05.08'!$O$4:$O$11) -> 0 | M15: =SUMIF('06.08'!$B$4:$B$11,A15,'06.08'!$C$4:$C$11)+SUMIF('06.08'!$D$4:$D$11,A15,'06.08'!$E$4:$E$11)+SUMIF('06.08'!$F$4:$F$11,A15,'06.08'!$G$4:$G$11)+SUMIF('06.08'!$H$4:$H$11,A15,'06.08'!$I$4:$I$11)+SUMIF('06.08'!$J$4:$J$11,A15,'06.08'!$K$4:$K$11)+SUMIF('06.08'!$L$4:$L$11,A15,'06.08'!$M$4:$M$11)+SUMIF('06.08'!$N$4:$N$11,A15,'06.08'!$O$4:$O$11) -> 0 | N15: =SUMIF('07.08'!$B$4:$B$11,A15,'07.08'!$C$4:$C$11)+SUMIF('07.08'!$D$4:$D$11,A15,'07.08'!$E$4:$E$11)+SUMIF('07.08'!$F$4:$F$11,A15,'07.08'!$G$4:$G$11)+SUMIF('07.08'!$H$4:$H$11,A15,'07.08'!$I$4:$I$11)+SUMIF('07.08'!$J$4:$J$11,A15,'07.08'!$K$4:$K$11)+SUMIF('07.08'!$L$4:$L$11,A15,'07.08'!$M$4:$M$11)+SUMIF('07.08'!$N$4:$N$11,A15,'07.08'!$O$4:$O$11) -> 0 | O15: =SUMIF('08.08'!$B$4:$B$11,A15,'08.08'!$C$4:$C$11)+SUMIF('08.08'!$D$4:$D$11,A15,'08.08'!$E$4:$E$11)+SUMIF('08.08'!$F$4:$F$11,A15,'08.08'!$G$4:$G$11)+SUMIF('08.08'!$H$4:$H$11,A15,'08.08'!$I$4:$I$11)+SUMIF('08.08'!$J$4:$J$11,A15,'08.08'!$K$4:$K$11)+SUMIF('08.08'!$L$4:$L$11,A15,'08.08'!$M$4:$M$11)+SUMIF('08.08'!$N$4:$N$11,A15,'08.08'!$O$4:$O$11) -> 0 | P15: =SUMIF('09.08'!$B$4:$B$11,A15,'09.08'!$C$4:$C$11)+SUMIF('09.08'!$D$4:$D$11,A15,'09.08'!$E$4:$E$11)+SUMIF('09.08'!$F$4:$F$11,A15,'09.08'!$G$4:$G$11)+SUMIF('09.08'!$H$4:$H$11,A15,'09.08'!$I$4:$I$11)+SUMIF('09.08'!$J$4:$J$11,A15,'09.08'!$K$4:$K$11)+SUMIF('09.08'!$L$4:$L$11,A15,'09.08'!$M$4:$M$11)+SUMIF('09.08'!$N$4:$N$11,A15,'09.08'!$O$4:$O$11) -> 0 | Q15: =SUMIF('10.08'!$B$4:$B$11,A15,'10.08'!$C$4:$C$11)+SUMIF('10.08'!$D$4:$D$11,A15,'10.08'!$E$4:$E$11)+SUMIF('10.08'!$F$4:$F$11,A15,'10.08'!$G$4:$G$11)+SUMIF('10.08'!$H$4:$H$11,A15,'10.08'!$I$4:$I$11)+SUMIF('10.08'!$J$4:$J$11,A15,'10.08'!$K$4:$K$11)+SUMIF('10.08'!$L$4:$L$11,A15,'10.08'!$M$4:$M$11)+SUMIF('10.08'!$N$4:$N$11,A15,'10.08'!$O$4:$O$11) -> 0 | R15: =SUMIF('11.08'!$B$4:$B$11,A15,'11.08'!$C$4:$C$11)+SUMIF('11.08'!$D$4:$D$11,A15,'11.08'!$E$4:$E$11)+SUMIF('11.08'!$F$4:$F$11,A15,'11.08'!$G$4:$G$11)+SUMIF('11.08'!$H$4:$H$11,A15,'11.08'!$I$4:$I$11)+SUMIF('11.08'!$J$4:$J$11,A15,'11.08'!$K$4:$K$11)+SUMIF('11.08'!$L$4:$L$11,A15,'11.08'!$M$4:$M$11)+SUMIF('11.08'!$N$4:$N$11,A15,'11.08'!$O$4:$O$11) -> #N/A
A16: ='список продуктов'!A19 -> Колбаса | B16: ='список продуктов'!B19 -> палка | C16: ='список продуктов'!C19 | D16: ='список продуктов'!D19 | E16: ='список продуктов'!E19 -> Краткосрочный | F16: =SUM(I16:R16) -> #N/A | G16: =IFERROR(CEILING(F16/C16,1),"Введите занчения") -> Введите занчения | H16: =IFERROR(G16*D16,"Введите занчения") -> Введите занчения | I16: =SUMIF('02.08'!$B$4:$B$11,A16,'02.08'!$C$4:$C$11)+SUMIF('02.08'!$D$4:$D$11,A16,'02.08'!$E$4:$E$11)+SUMIF('02.08'!$F$4:$F$11,A16,'02.08'!$G$4:$G$11)+SUMIF('02.08'!$H$4:$H$11,A16,'02.08'!$I$4:$I$11)+SUMIF('02.08'!$J$4:$J$11,A16,'02.08'!$K$4:$K$11)+SUMIF('02.08'!$L$4:$L$11,A16,'02.08'!$M$4:$M$11)+SUMIF('02.08'!$N$4:$N$11,A16,'02.08'!$O$4:$O$11) -> 0 | J16: =SUMIF('03.08'!$B$4:$B$11,A16,'03.08'!$C$4:$C$11)+SUMIF('03.08'!$D$4:$D$11,A16,'03.08'!$E$4:$E$11)+SUMIF('03.08'!$F$4:$F$11,A16,'03.08'!$G$4:$G$11)+SUMIF('03.08'!$H$4:$H$11,A16,'03.08'!$I$4:$I$11)+SUMIF('03.08'!$J$4:$J$11,A16,'03.08'!$K$4:$K$11)+SUMIF('03.08'!$L$4:$L$11,A16,'03.08'!$M$4:$M$11)+SUMIF('03.08'!$N$4:$N$11,A16,'03.08'!$O$4:$O$11) -> 0 | K16: =SUMIF('04.08'!$B$4:$B$11,A16,'04.08'!$C$4:$C$11)+SUMIF('04.08'!$D$4:$D$11,A16,'04.08'!$E$4:$E$11)+SUMIF('04.08'!$F$4:$F$11,A16,'04.08'!$G$4:$G$11)+SUMIF('04.08'!$H$4:$H$11,A16,'04.08'!$I$4:$I$11)+SUMIF('04.08'!$J$4:$J$11,A16,'04.08'!$K$4:$K$11)+SUMIF('04.08'!$L$4:$L$11,A16,'04.08'!$M$4:$M$11)+SUMIF('04.08'!$N$4:$N$11,A16,'04.08'!$O$4:$O$11) -> 0 | L16: =SUMIF('05.08'!$B$4:$B$11,A16,'05.08'!$C$4:$C$11)+SUMIF('05.08'!$D$4:$D$11,A16,'05.08'!$E$4:$E$11)+SUMIF('05.08'!$F$4:$F$11,A16,'05.08'!$G$4:$G$11)+SUMIF('05.08'!$H$4:$H$11,A16,'05.08'!$I$4:$I$11)+SUMIF('05.08'!$J$4:$J$11,A16,'05.08'!$K$4:$K$11)+SUMIF('05.08'!$L$4:$L$11,A16,'05.08'!$M$4:$M$11)+SUMIF('05.08'!$N$4:$N$11,A16,'05.08'!$O$4:$O$11) -> 0 | M16: =SUMIF('06.08'!$B$4:$B$11,A16,'06.08'!$C$4:$C$11)+SUMIF('06.08'!$D$4:$D$11,A16,'06.08'!$E$4:$E$11)+SUMIF('06.08'!$F$4:$F$11,A16,'06.08'!$G$4:$G$11)+SUMIF('06.08'!$H$4:$H$11,A16,'06.08'!$I$4:$I$11)+SUMIF('06.08'!$J$4:$J$11,A16,'06.08'!$K$4:$K$11)+SUMIF('06.08'!$L$4:$L$11,A16,'06.08'!$M$4:$M$11)+SUMIF('06.08'!$N$4:$N$11,A16,'06.08'!$O$4:$O$11) -> 0 | N16: =SUMIF('07.08'!$B$4:$B$11,A16,'07.08'!$C$4:$C$11)+SUMIF('07.08'!$D$4:$D$11,A16,'07.08'!$E$4:$E$11)+SUMIF('07.08'!$F$4:$F$11,A16,'07.08'!$G$4:$G$11)+SUMIF('07.08'!$H$4:$H$11,A16,'07.08'!$I$4:$I$11)+SUMIF('07.08'!$J$4:$J$11,A16,'07.08'!$K$4:$K$11)+SUMIF('07.08'!$L$4:$L$11,A16,'07.08'!$M$4:$M$11)+SUMIF('07.08'!$N$4:$N$11,A16,'07.08'!$O$4:$O$11) -> 0 | O16: =SUMIF('08.08'!$B$4:$B$11,A16,'08.08'!$C$4:$C$11)+SUMIF('08.08'!$D$4:$D$11,A16,'08.08'!$E$4:$E$11)+SUMIF('08.08'!$F$4:$F$11,A16,'08.08'!$G$4:$G$11)+SUMIF('08.08'!$H$4:$H$11,A16,'08.08'!$I$4:$I$11)+SUMIF('08.08'!$J$4:$J$11,A16,'08.08'!$K$4:$K$11)+SUMIF('08.08'!$L$4:$L$11,A16,'08.08'!$M$4:$M$11)+SUMIF('08.08'!$N$4:$N$11,A16,'08.08'!$O$4:$O$11) -> 0 | P16: =SUMIF('09.08'!$B$4:$B$11,A16,'09.08'!$C$4:$C$11)+SUMIF('09.08'!$D$4:$D$11,A16,'09.08'!$E$4:$E$11)+SUMIF('09.08'!$F$4:$F$11,A16,'09.08'!$G$4:$G$11)+SUMIF('09.08'!$H$4:$H$11,A16,'09.08'!$I$4:$I$11)+SUMIF('09.08'!$J$4:$J$11,A16,'09.08'!$K$4:$K$11)+SUMIF('09.08'!$L$4:$L$11,A16,'09.08'!$M$4:$M$11)+SUMIF('09.08'!$N$4:$N$11,A16,'09.08'!$O$4:$O$11) -> 0 | Q16: =SUMIF('10.08'!$B$4:$B$11,A16,'10.08'!$C$4:$C$11)+SUMIF('10.08'!$D$4:$D$11,A16,'10.08'!$E$4:$E$11)+SUMIF('10.08'!$F$4:$F$11,A16,'10.08'!$G$4:$G$11)+SUMIF('10.08'!$H$4:$H$11,A16,'10.08'!$I$4:$I$11)+SUMIF('10.08'!$J$4:$J$11,A16,'10.08'!$K$4:$K$11)+SUMIF('10.08'!$L$4:$L$11,A16,'10.08'!$M$4:$M$11)+SUMIF('10.08'!$N$4:$N$11,A16,'10.08'!$O$4:$O$11) -> 0 | R16: =SUMIF('11.08'!$B$4:$B$11,A16,'11.08'!$C$4:$C$11)+SUMIF('11.08'!$D$4:$D$11,A16,'11.08'!$E$4:$E$11)+SUMIF('11.08'!$F$4:$F$11,A16,'11.08'!$G$4:$G$11)+SUMIF('11.08'!$H$4:$H$11,A16,'11.08'!$I$4:$I$11)+SUMIF('11.08'!$J$4:$J$11,A16,'11.08'!$K$4:$K$11)+SUMIF('11.08'!$L$4:$L$11,A16,'11.08'!$M$4:$M$11)+SUMIF('11.08'!$N$4:$N$11,A16,'11.08'!$O$4:$O$11) -> #N/A
A17: ='список продуктов'!A20 -> кофе | B17: ='список продуктов'!B20 -> банка | C17: ='список продуктов'!C20 | D17: ='список продуктов'!D20 | E17: ='список продуктов'!E20 -> Долгосрочный | F17: =SUM(I17:R17) -> #N/A | G17: =IFERROR(CEILING(F17/C17,1),"Введите занчения") -> Введите занчения | H17: =IFERROR(G17*D17,"Введите занчения") -> Введите занчения | I17: =SUMIF('02.08'!$B$4:$B$11,A17,'02.08'!$C$4:$C$11)+SUMIF('02.08'!$D$4:$D$11,A17,'02.08'!$E$4:$E$11)+SUMIF('02.08'!$F$4:$F$11,A17,'02.08'!$G$4:$G$11)+SUMIF('02.08'!$H$4:$H$11,A17,'02.08'!$I$4:$I$11)+SUMIF('02.08'!$J$4:$J$11,A17,'02.08'!$K$4:$K$11)+SUMIF('02.08'!$L$4:$L$11,A17,'02.08'!$M$4:$M$11)+SUMIF('02.08'!$N$4:$N$11,A17,'02.08'!$O$4:$O$11) -> 0 | J17: =SUMIF('03.08'!$B$4:$B$11,A17,'03.08'!$C$4:$C$11)+SUMIF('03.08'!$D$4:$D$11,A17,'03.08'!$E$4:$E$11)+SUMIF('03.08'!$F$4:$F$11,A17,'03.08'!$G$4:$G$11)+SUMIF('03.08'!$H$4:$H$11,A17,'03.08'!$I$4:$I$11)+SUMIF('03.08'!$J$4:$J$11,A17,'03.08'!$K$4:$K$11)+SUMIF('03.08'!$L$4:$L$11,A17,'03.08'!$M$4:$M$11)+SUMIF('03.08'!$N$4:$N$11,A17,'03.08'!$O$4:$O$11) -> 0 | K17: =SUMIF('04.08'!$B$4:$B$11,A17,'04.08'!$C$4:$C$11)+SUMIF('04.08'!$D$4:$D$11,A17,'04.08'!$E$4:$E$11)+SUMIF('04.08'!$F$4:$F$11,A17,'04.08'!$G$4:$G$11)+SUMIF('04.08'!$H$4:$H$11,A17,'04.08'!$I$4:$I$11)+SUMIF('04.08'!$J$4:$J$11,A17,'04.08'!$K$4:$K$11)+SUMIF('04.08'!$L$4:$L$11,A17,'04.08'!$M$4:$M$11)+SUMIF('04.08'!$N$4:$N$11,A17,'04.08'!$O$4:$O$11) -> 0 | L17: =SUMIF('05.08'!$B$4:$B$11,A17,'05.08'!$C$4:$C$11)+SUMIF('05.08'!$D$4:$D$11,A17,'05.08'!$E$4:$E$11)+SUMIF('05.08'!$F$4:$F$11,A17,'05.08'!$G$4:$G$11)+SUMIF('05.08'!$H$4:$H$11,A17,'05.08'!$I$4:$I$11)+SUMIF('05.08'!$J$4:$J$11,A17,'05.08'!$K$4:$K$11)+SUMIF('05.08'!$L$4:$L$11,A17,'05.08'!$M$4:$M$11)+SUMIF('05.08'!$N$4:$N$11,A17,'05.08'!$O$4:$O$11) -> 0 | M17: =SUMIF('06.08'!$B$4:$B$11,A17,'06.08'!$C$4:$C$11)+SUMIF('06.08'!$D$4:$D$11,A17,'06.08'!$E$4:$E$11)+SUMIF('06.08'!$F$4:$F$11,A17,'06.08'!$G$4:$G$11)+SUMIF('06.08'!$H$4:$H$11,A17,'06.08'!$I$4:$I$11)+SUMIF('06.08'!$J$4:$J$11,A17,'06.08'!$K$4:$K$11)+SUMIF('06.08'!$L$4:$L$11,A17,'06.08'!$M$4:$M$11)+SUMIF('06.08'!$N$4:$N$11,A17,'06.08'!$O$4:$O$11) -> 0 | N17: =SUMIF('07.08'!$B$4:$B$11,A17,'07.08'!$C$4:$C$11)+SUMIF('07.08'!$D$4:$D$11,A17,'07.08'!$E$4:$E$11)+SUMIF('07.08'!$F$4:$F$11,A17,'07.08'!$G$4:$G$11)+SUMIF('07.08'!$H$4:$H$11,A17,'07.08'!$I$4:$I$11)+SUMIF('07.08'!$J$4:$J$11,A17,'07.08'!$K$4:$K$11)+SUMIF('07.08'!$L$4:$L$11,A17,'07.08'!$M$4:$M$11)+SUMIF('07.08'!$N$4:$N$11,A17,'07.08'!$O$4:$O$11) -> 0 | O17: =SUMIF('08.08'!$B$4:$B$11,A17,'08.08'!$C$4:$C$11)+SUMIF('08.08'!$D$4:$D$11,A17,'08.08'!$E$4:$E$11)+SUMIF('08.08'!$F$4:$F$11,A17,'08.08'!$G$4:$G$11)+SUMIF('08.08'!$H$4:$H$11,A17,'08.08'!$I$4:$I$11)+SUMIF('08.08'!$J$4:$J$11,A17,'08.08'!$K$4:$K$11)+SUMIF('08.08'!$L$4:$L$11,A17,'08.08'!$M$4:$M$11)+SUMIF('08.08'!$N$4:$N$11,A17,'08.08'!$O$4:$O$11) -> 0 | P17: =SUMIF('09.08'!$B$4:$B$11,A17,'09.08'!$C$4:$C$11)+SUMIF('09.08'!$D$4:$D$11,A17,'09.08'!$E$4:$E$11)+SUMIF('09.08'!$F$4:$F$11,A17,'09.08'!$G$4:$G$11)+SUMIF('09.08'!$H$4:$H$11,A17,'09.08'!$I$4:$I$11)+SUMIF('09.08'!$J$4:$J$11,A17,'09.08'!$K$4:$K$11)+SUMIF('09.08'!$L$4:$L$11,A17,'09.08'!$M$4:$M$11)+SUMIF('09.08'!$N$4:$N$11,A17,'09.08'!$O$4:$O$11) -> 0 | Q17: =SUMIF('10.08'!$B$4:$B$11,A17,'10.08'!$C$4:$C$11)+SUMIF('10.08'!$D$4:$D$11,A17,'10.08'!$E$4:$E$11)+SUMIF('10.08'!$F$4:$F$11,A17,'10.08'!$G$4:$G$11)+SUMIF('10.08'!$H$4:$H$11,A17,'10.08'!$I$4:$I$11)+SUMIF('10.08'!$J$4:$J$11,A17,'10.08'!$K$4:$K$11)+SUMIF('10.08'!$L$4:$L$11,A17,'10.08'!$M$4:$M$11)+SUMIF('10.08'!$N$4:$N$11,A17,'10.08'!$O$4:$O$11) -> 20 | R17: =SUMIF('11.08'!$B$4:$B$11,A17,'11.08'!$C$4:$C$11)+SUMIF('11.08'!$D$4:$D$11,A17,'11.08'!$E$4:$E$11)+SUMIF('11.08'!$F$4:$F$11,A17,'11.08'!$G$4:$G$11)+SUMIF('11.08'!$H$4:$H$11,A17,'11.08'!$I$4:$I$11)+SUMIF('11.08'!$J$4:$J$11,A17,'11.08'!$K$4:$K$11)+SUMIF('11.08'!$L$4:$L$11,A17,'11.08'!$M$4:$M$11)+SUMIF('11.08'!$N$4:$N$11,A17,'11.08'!$O$4:$O$11) -> #N/A
A18: ='список продуктов'!A23 -> Кускус | B18: ='список продуктов'!B23 -> кг | C18: ='список продуктов'!C23 | D18: ='список продуктов'!D23 | E18: ='список продуктов'!E23 -> Долгосрочный | F18: 1 | G18: 1 | H18: =IFERROR(G18*D18,"Введите занчения") -> 0 | I18: =SUMIF('02.08'!$B$4:$B$11,A18,'02.08'!$C$4:$C$11)+SUMIF('02.08'!$D$4:$D$11,A18,'02.08'!$E$4:$E$11)+SUMIF('02.08'!$F$4:$F$11,A18,'02.08'!$G$4:$G$11)+SUMIF('02.08'!$H$4:$H$11,A18,'02.08'!$I$4:$I$11)+SUMIF('02.08'!$J$4:$J$11,A18,'02.08'!$K$4:$K$11)+SUMIF('02.08'!$L$4:$L$11,A18,'02.08'!$M$4:$M$11)+SUMIF('02.08'!$N$4:$N$11,A18,'02.08'!$O$4:$O$11) -> 0 | J18: =SUMIF('03.08'!$B$4:$B$11,A18,'03.08'!$C$4:$C$11)+SUMIF('03.08'!$D$4:$D$11,A18,'03.08'!$E$4:$E$11)+SUMIF('03.08'!$F$4:$F$11,A18,'03.08'!$G$4:$G$11)+SUMIF('03.08'!$H$4:$H$11,A18,'03.08'!$I$4:$I$11)+SUMIF('03.08'!$J$4:$J$11,A18,'03.08'!$K$4:$K$11)+SUMIF('03.08'!$L$4:$L$11,A18,'03.08'!$M$4:$M$11)+SUMIF('03.08'!$N$4:$N$11,A18,'03.08'!$O$4:$O$11) -> 0 | K18: =SUMIF('04.08'!$B$4:$B$11,A18,'04.08'!$C$4:$C$11)+SUMIF('04.08'!$D$4:$D$11,A18,'04.08'!$E$4:$E$11)+SUMIF('04.08'!$F$4:$F$11,A18,'04.08'!$G$4:$G$11)+SUMIF('04.08'!$H$4:$H$11,A18,'04.08'!$I$4:$I$11)+SUMIF('04.08'!$J$4:$J$11,A18,'04.08'!$K$4:$K$11)+SUMIF('04.08'!$L$4:$L$11,A18,'04.08'!$M$4:$M$11)+SUMIF('04.08'!$N$4:$N$11,A18,'04.08'!$O$4:$O$11) -> 0 | L18: =SUMIF('05.08'!$B$4:$B$11,A18,'05.08'!$C$4:$C$11)+SUMIF('05.08'!$D$4:$D$11,A18,'05.08'!$E$4:$E$11)+SUMIF('05.08'!$F$4:$F$11,A18,'05.08'!$G$4:$G$11)+SUMIF('05.08'!$H$4:$H$11,A18,'05.08'!$I$4:$I$11)+SUMIF('05.08'!$J$4:$J$11,A18,'05.08'!$K$4:$K$11)+SUMIF('05.08'!$L$4:$L$11,A18,'05.08'!$M$4:$M$11)+SUMIF('05.08'!$N$4:$N$11,A18,'05.08'!$O$4:$O$11) -> 0 | M18: =SUMIF('06.08'!$B$4:$B$11,A18,'06.08'!$C$4:$C$11)+SUMIF('06.08'!$D$4:$D$11,A18,'06.08'!$E$4:$E$11)+SUMIF('06.08'!$F$4:$F$11,A18,'06.08'!$G$4:$G$11)+SUMIF('06.08'!$H$4:$H$11,A18,'06.08'!$I$4:$I$11)+SUMIF('06.08'!$J$4:$J$11,A18,'06.08'!$K$4:$K$11)+SUMIF('06.08'!$L$4:$L$11,A18,'06.08'!$M$4:$M$11)+SUMIF('06.08'!$N$4:$N$11,A18,'06.08'!$O$4:$O$11) -> 0 | N18: =SUMIF('07.08'!$B$4:$B$11,A18,'07.08'!$C$4:$C$11)+SUMIF('07.08'!$D$4:$D$11,A18,'07.08'!$E$4:$E$11)+SUMIF('07.08'!$F$4:$F$11,A18,'07.08'!$G$4:$G$11)+SUMIF('07.08'!$H$4:$H$11,A18,'07.08'!$I$4:$I$11)+SUMIF('07.08'!$J$4:$J$11,A18,'07.08'!$K$4:$K$11)+SUMIF('07.08'!$L$4:$L$11,A18,'07.08'!$M$4:$M$11)+SUMIF('07.08'!$N$4:$N$11,A18,'07.08'!$O$4:$O$11) -> 0 | O18: =SUMIF('08.08'!$B$4:$B$11,A18,'08.08'!$C$4:$C$11)+SUMIF('08.08'!$D$4:$D$11,A18,'08.08'!$E$4:$E$11)+SUMIF('08.08'!$F$4:$F$11,A18,'08.08'!$G$4:$G$11)+SUMIF('08.08'!$H$4:$H$11,A18,'08.08'!$I$4:$I$11)+SUMIF('08.08'!$J$4:$J$11,A18,'08.08'!$K$4:$K$11)+SUMIF('08.08'!$L$4:$L$11,A18,'08.08'!$M$4:$M$11)+SUMIF('08.08'!$N$4:$N$11,A18,'08.08'!$O$4:$O$11) -> 0 | P18: =SUMIF('09.08'!$B$4:$B$11,A18,'09.08'!$C$4:$C$11)+SUMIF('09.08'!$D$4:$D$11,A18,'09.08'!$E$4:$E$11)+SUMIF('09.08'!$F$4:$F$11,A18,'09.08'!$G$4:$G$11)+SUMIF('09.08'!$H$4:$H$11,A18,'09.08'!$I$4:$I$11)+SUMIF('09.08'!$J$4:$J$11,A18,'09.08'!$K$4:$K$11)+SUMIF('09.08'!$L$4:$L$11,A18,'09.08'!$M$4:$M$11)+SUMIF('09.08'!$N$4:$N$11,A18,'09.08'!$O$4:$O$11) -> 0 | Q18: =SUMIF('10.08'!$B$4:$B$11,A18,'10.08'!$C$4:$C$11)+SUMIF('10.08'!$D$4:$D$11,A18,'10.08'!$E$4:$E$11)+SUMIF('10.08'!$F$4:$F$11,A18,'10.08'!$G$4:$G$11)+SUMIF('10.08'!$H$4:$H$11,A18,'10.08'!$I$4:$I$11)+SUMIF('10.08'!$J$4:$J$11,A18,'10.08'!$K$4:$K$11)+SUMIF('10.08'!$L$4:$L$11,A18,'10.08'!$M$4:$M$11)+SUMIF('10.08'!$N$4:$N$11,A18,'10.08'!$O$4:$O$11) -> 0 | R18: =SUMIF('11.08'!$B$4:$B$11,A18,'11.08'!$C$4:$C$11)+SUMIF('11.08'!$D$4:$D$11,A18,'11.08'!$E$4:$E$11)+SUMIF('11.08'!$F$4:$F$11,A18,'11.08'!$G$4:$G$11)+SUMIF('11.08'!$H$4:$H$11,A18,'11.08'!$I$4:$I$11)+SUMIF('11.08'!$J$4:$J$11,A18,'11.08'!$K$4:$K$11)+SUMIF('11.08'!$L$4:$L$11,A18,'11.08'!$M$4:$M$11)+SUMIF('11.08'!$N$4:$N$11,A18,'11.08'!$O$4:$O$11) -> #N/A
A19: ='список продуктов'!A24 -> Лавровый лист | B19: ='список продуктов'!B24 -> пачка | C19: ='список продуктов'!C24 | D19: ='список продуктов'!D24 | E19: ='список продуктов'!E24 -> Долгосрочный | F19: =SUM(I19:R19) -> #N/A | G19: =IFERROR(CEILING(F19/C19,1),"Введите занчения") -> Введите занчения | H19: =IFERROR(G19*D19,"Введите занчения") -> Введите занчения | I19: =SUMIF('02.08'!$B$4:$B$11,A19,'02.08'!$C$4:$C$11)+SUMIF('02.08'!$D$4:$D$11,A19,'02.08'!$E$4:$E$11)+SUMIF('02.08'!$F$4:$F$11,A19,'02.08'!$G$4:$G$11)+SUMIF('02.08'!$H$4:$H$11,A19,'02.08'!$I$4:$I$11)+SUMIF('02.08'!$J$4:$J$11,A19,'02.08'!$K$4:$K$11)+SUMIF('02.08'!$L$4:$L$11,A19,'02.08'!$M$4:$M$11)+SUMIF('02.08'!$N$4:$N$11,A19,'02.08'!$O$4:$O$11) -> 0 | J19: =SUMIF('03.08'!$B$4:$B$11,A19,'03.08'!$C$4:$C$11)+SUMIF('03.08'!$D$4:$D$11,A19,'03.08'!$E$4:$E$11)+SUMIF('03.08'!$F$4:$F$11,A19,'03.08'!$G$4:$G$11)+SUMIF('03.08'!$H$4:$H$11,A19,'03.08'!$I$4:$I$11)+SUMIF('03.08'!$J$4:$J$11,A19,'03.08'!$K$4:$K$11)+SUMIF('03.08'!$L$4:$L$11,A19,'03.08'!$M$4:$M$11)+SUMIF('03.08'!$N$4:$N$11,A19,'03.08'!$O$4:$O$11) -> 0 | K19: =SUMIF('04.08'!$B$4:$B$11,A19,'04.08'!$C$4:$C$11)+SUMIF('04.08'!$D$4:$D$11,A19,'04.08'!$E$4:$E$11)+SUMIF('04.08'!$F$4:$F$11,A19,'04.08'!$G$4:$G$11)+SUMIF('04.08'!$H$4:$H$11,A19,'04.08'!$I$4:$I$11)+SUMIF('04.08'!$J$4:$J$11,A19,'04.08'!$K$4:$K$11)+SUMIF('04.08'!$L$4:$L$11,A19,'04.08'!$M$4:$M$11)+SUMIF('04.08'!$N$4:$N$11,A19,'04.08'!$O$4:$O$11) -> 0 | L19: =SUMIF('05.08'!$B$4:$B$11,A19,'05.08'!$C$4:$C$11)+SUMIF('05.08'!$D$4:$D$11,A19,'05.08'!$E$4:$E$11)+SUMIF('05.08'!$F$4:$F$11,A19,'05.08'!$G$4:$G$11)+SUMIF('05.08'!$H$4:$H$11,A19,'05.08'!$I$4:$I$11)+SUMIF('05.08'!$J$4:$J$11,A19,'05.08'!$K$4:$K$11)+SUMIF('05.08'!$L$4:$L$11,A19,'05.08'!$M$4:$M$11)+SUMIF('05.08'!$N$4:$N$11,A19,'05.08'!$O$4:$O$11) -> 0 | M19: =SUMIF('06.08'!$B$4:$B$11,A19,'06.08'!$C$4:$C$11)+SUMIF('06.08'!$D$4:$D$11,A19,'06.08'!$E$4:$E$11)+SUMIF('06.08'!$F$4:$F$11,A19,'06.08'!$G$4:$G$11)+SUMIF('06.08'!$H$4:$H$11,A19,'06.08'!$I$4:$I$11)+SUMIF('06.08'!$J$4:$J$11,A19,'06.08'!$K$4:$K$11)+SUMIF('06.08'!$L$4:$L$11,A19,'06.08'!$M$4:$M$11)+SUMIF('06.08'!$N$4:$N$11,A19,'06.08'!$O$4:$O$11) -> 0 | N19: =SUMIF('07.08'!$B$4:$B$11,A19,'07.08'!$C$4:$C$11)+SUMIF('07.08'!$D$4:$D$11,A19,'07.08'!$E$4:$E$11)+SUMIF('07.08'!$F$4:$F$11,A19,'07.08'!$G$4:$G$11)+SUMIF('07.08'!$H$4:$H$11,A19,'07.08'!$I$4:$I$11)+SUMIF('07.08'!$J$4:$J$11,A19,'07.08'!$K$4:$K$11)+SUMIF('07.08'!$L$4:$L$11,A19,'07.08'!$M$4:$M$11)+SUMIF('07.08'!$N$4:$N$11,A19,'07.08'!$O$4:$O$11) -> 0 | O19: =SUMIF('08.08'!$B$4:$B$11,A19,'08.08'!$C$4:$C$11)+SUMIF('08.08'!$D$4:$D$11,A19,'08.08'!$E$4:$E$11)+SUMIF('08.08'!$F$4:$F$11,A19,'08.08'!$G$4:$G$11)+SUMIF('08.08'!$H$4:$H$11,A19,'08.08'!$I$4:$I$11)+SUMIF('08.08'!$J$4:$J$11,A19,'08.08'!$K$4:$K$11)+SUMIF('08.08'!$L$4:$L$11,A19,'08.08'!$M$4:$M$11)+SUMIF('08.08'!$N$4:$N$11,A19,'08.08'!$O$4:$O$11) -> 0 | P19: =SUMIF('09.08'!$B$4:$B$11,A19,'09.08'!$C$4:$C$11)+SUMIF('09.08'!$D$4:$D$11,A19,'09.08'!$E$4:$E$11)+SUMIF('09.08'!$F$4:$F$11,A19,'09.08'!$G$4:$G$11)+SUMIF('09.08'!$H$4:$H$11,A19,'09.08'!$I$4:$I$11)+SUMIF('09.08'!$J$4:$J$11,A19,'09.08'!$K$4:$K$11)+SUMIF('09.08'!$L$4:$L$11,A19,'09.08'!$M$4:$M$11)+SUMIF('09.08'!$N$4:$N$11,A19,'09.08'!$O$4:$O$11) -> 0 | Q19: =SUMIF('10.08'!$B$4:$B$11,A19,'10.08'!$C$4:$C$11)+SUMIF('10.08'!$D$4:$D$11,A19,'10.08'!$E$4:$E$11)+SUMIF('10.08'!$F$4:$F$11,A19,'10.08'!$G$4:$G$11)+SUMIF('10.08'!$H$4:$H$11,A19,'10.08'!$I$4:$I$11)+SUMIF('10.08'!$J$4:$J$11,A19,'10.08'!$K$4:$K$11)+SUMIF('10.08'!$L$4:$L$11,A19,'10.08'!$M$4:$M$11)+SUMIF('10.08'!$N$4:$N$11,A19,'10.08'!$O$4:$O$11) -> 0 | R19: =SUMIF('11.08'!$B$4:$B$11,A19,'11.08'!$C$4:$C$11)+SUMIF('11.08'!$D$4:$D$11,A19,'11.08'!$E$4:$E$11)+SUMIF('11.08'!$F$4:$F$11,A19,'11.08'!$G$4:$G$11)+SUMIF('11.08'!$H$4:$H$11,A19,'11.08'!$I$4:$I$11)+SUMIF('11.08'!$J$4:$J$11,A19,'11.08'!$K$4:$K$11)+SUMIF('11.08'!$L$4:$L$11,A19,'11.08'!$M$4:$M$11)+SUMIF('11.08'!$N$4:$N$11,A19,'11.08'!$O$4:$O$11) -> #N/A
A20: ='список продуктов'!A25 -> Лапша (для лагмана) / Сухая яичная лапша | B20: ='список продуктов'!B25 -> пачка | C20: ='список продуктов'!C25 | D20: ='список продуктов'!D25 | E20: ='список продуктов'!E25 -> Долгосрочный | F20: =SUM(I20:R20) -> #N/A | G20: 3 | H20: =IFERROR(G20*D20,"Введите занчения") -> 0 | I20: =SUMIF('02.08'!$B$4:$B$11,A20,'02.08'!$C$4:$C$11)+SUMIF('02.08'!$D$4:$D$11,A20,'02.08'!$E$4:$E$11)+SUMIF('02.08'!$F$4:$F$11,A20,'02.08'!$G$4:$G$11)+SUMIF('02.08'!$H$4:$H$11,A20,'02.08'!$I$4:$I$11)+SUMIF('02.08'!$J$4:$J$11,A20,'02.08'!$K$4:$K$11)+SUMIF('02.08'!$L$4:$L$11,A20,'02.08'!$M$4:$M$11)+SUMIF('02.08'!$N$4:$N$11,A20,'02.08'!$O$4:$O$11) -> 0 | J20: =SUMIF('03.08'!$B$4:$B$11,A20,'03.08'!$C$4:$C$11)+SUMIF('03.08'!$D$4:$D$11,A20,'03.08'!$E$4:$E$11)+SUMIF('03.08'!$F$4:$F$11,A20,'03.08'!$G$4:$G$11)+SUMIF('03.08'!$H$4:$H$11,A20,'03.08'!$I$4:$I$11)+SUMIF('03.08'!$J$4:$J$11,A20,'03.08'!$K$4:$K$11)+SUMIF('03.08'!$L$4:$L$11,A20,'03.08'!$M$4:$M$11)+SUMIF('03.08'!$N$4:$N$11,A20,'03.08'!$O$4:$O$11) -> 0 | K20: =SUMIF('04.08'!$B$4:$B$11,A20,'04.08'!$C$4:$C$11)+SUMIF('04.08'!$D$4:$D$11,A20,'04.08'!$E$4:$E$11)+SUMIF('04.08'!$F$4:$F$11,A20,'04.08'!$G$4:$G$11)+SUMIF('04.08'!$H$4:$H$11,A20,'04.08'!$I$4:$I$11)+SUMIF('04.08'!$J$4:$J$11,A20,'04.08'!$K$4:$K$11)+SUMIF('04.08'!$L$4:$L$11,A20,'04.08'!$M$4:$M$11)+SUMIF('04.08'!$N$4:$N$11,A20,'04.08'!$O$4:$O$11) -> 0 | L20: =SUMIF('05.08'!$B$4:$B$11,A20,'05.08'!$C$4:$C$11)+SUMIF('05.08'!$D$4:$D$11,A20,'05.08'!$E$4:$E$11)+SUMIF('05.08'!$F$4:$F$11,A20,'05.08'!$G$4:$G$11)+SUMIF('05.08'!$H$4:$H$11,A20,'05.08'!$I$4:$I$11)+SUMIF('05.08'!$J$4:$J$11,A20,'05.08'!$K$4:$K$11)+SUMIF('05.08'!$L$4:$L$11,A20,'05.08'!$M$4:$M$11)+SUMIF('05.08'!$N$4:$N$11,A20,'05.08'!$O$4:$O$11) -> 0 | M20: =SUMIF('06.08'!$B$4:$B$11,A20,'06.08'!$C$4:$C$11)+SUMIF('06.08'!$D$4:$D$11,A20,'06.08'!$E$4:$E$11)+SUMIF('06.08'!$F$4:$F$11,A20,'06.08'!$G$4:$G$11)+SUMIF('06.08'!$H$4:$H$11,A20,'06.08'!$I$4:$I$11)+SUMIF('06.08'!$J$4:$J$11,A20,'06.08'!$K$4:$K$11)+SUMIF('06.08'!$L$4:$L$11,A20,'06.08'!$M$4:$M$11)+SUMIF('06.08'!$N$4:$N$11,A20,'06.08'!$O$4:$O$11) -> 0 | N20: =SUMIF('07.08'!$B$4:$B$11,A20,'07.08'!$C$4:$C$11)+SUMIF('07.08'!$D$4:$D$11,A20,'07.08'!$E$4:$E$11)+SUMIF('07.08'!$F$4:$F$11,A20,'07.08'!$G$4:$G$11)+SUMIF('07.08'!$H$4:$H$11,A20,'07.08'!$I$4:$I$11)+SUMIF('07.08'!$J$4:$J$11,A20,'07.08'!$K$4:$K$11)+SUMIF('07.08'!$L$4:$L$11,A20,'07.08'!$M$4:$M$11)+SUMIF('07.08'!$N$4:$N$11,A20,'07.08'!$O$4:$O$11) -> 0 | O20: =SUMIF('08.08'!$B$4:$B$11,A20,'08.08'!$C$4:$C$11)+SUMIF('08.08'!$D$4:$D$11,A20,'08.08'!$E$4:$E$11)+SUMIF('08.08'!$F$4:$F$11,A20,'08.08'!$G$4:$G$11)+SUMIF('08.08'!$H$4:$H$11,A20,'08.08'!$I$4:$I$11)+SUMIF('08.08'!$J$4:$J$11,A20,'08.08'!$K$4:$K$11)+SUMIF('08.08'!$L$4:$L$11,A20,'08.08'!$M$4:$M$11)+SUMIF('08.08'!$N$4:$N$11,A20,'08.08'!$O$4:$O$11) -> 0 | P20: =SUMIF('09.08'!$B$4:$B$11,A20,'09.08'!$C$4:$C$11)+SUMIF('09.08'!$D$4:$D$11,A20,'09.08'!$E$4:$E$11)+SUMIF('09.08'!$F$4:$F$11,A20,'09.08'!$G$4:$G$11)+SUMIF('09.08'!$H$4:$H$11,A20,'09.08'!$I$4:$I$11)+SUMIF('09.08'!$J$4:$J$11,A20,'09.08'!$K$4:$K$11)+SUMIF('09.08'!$L$4:$L$11,A20,'09.08'!$M$4:$M$11)+SUMIF('09.08'!$N$4:$N$11,A20,'09.08'!$O$4:$O$11) -> 0 | Q20: =SUMIF('10.08'!$B$4:$B$11,A20,'10.08'!$C$4:$C$11)+SUMIF('10.08'!$D$4:$D$11,A20,'10.08'!$E$4:$E$11)+SUMIF('10.08'!$F$4:$F$11,A20,'10.08'!$G$4:$G$11)+SUMIF('10.08'!$H$4:$H$11,A20,'10.08'!$I$4:$I$11)+SUMIF('10.08'!$J$4:$J$11,A20,'10.08'!$K$4:$K$11)+SUMIF('10.08'!$L$4:$L$11,A20,'10.08'!$M$4:$M$11)+SUMIF('10.08'!$N$4:$N$11,A20,'10.08'!$O$4:$O$11) -> 0 | R20: =SUMIF('11.08'!$B$4:$B$11,A20,'11.08'!$C$4:$C$11)+SUMIF('11.08'!$D$4:$D$11,A20,'11.08'!$E$4:$E$11)+SUMIF('11.08'!$F$4:$F$11,A20,'11.08'!$G$4:$G$11)+SUMIF('11.08'!$H$4:$H$11,A20,'11.08'!$I$4:$I$11)+SUMIF('11.08'!$J$4:$J$11,A20,'11.08'!$K$4:$K$11)+SUMIF('11.08'!$L$4:$L$11,A20,'11.08'!$M$4:$M$11)+SUMIF('11.08'!$N$4:$N$11,A20,'11.08'!$O$4:$O$11) -> #N/A
A21: ='список продуктов'!A26 -> Лук | B21: ='список продуктов'!B26 -> кг | C21: ='список продуктов'!C26 -> 1000 | D21: ='список продуктов'!D26 | E21: ='список продуктов'!E26 -> Краткосрочный | F21: =SUM(I21:R21) -> #N/A | G21: =IFERROR(CEILING(F21/C21,1),"Введите занчения") -> Введите занчения | H21: =IFERROR(G21*D21,"Введите занчения") -> Введите занчения | I21: =SUMIF('02.08'!$B$4:$B$11,A21,'02.08'!$C$4:$C$11)+SUMIF('02.08'!$D$4:$D$11,A21,'02.08'!$E$4:$E$11)+SUMIF('02.08'!$F$4:$F$11,A21,'02.08'!$G$4:$G$11)+SUMIF('02.08'!$H$4:$H$11,A21,'02.08'!$I$4:$I$11)+SUMIF('02.08'!$J$4:$J$11,A21,'02.08'!$K$4:$K$11)+SUMIF('02.08'!$L$4:$L$11,A21,'02.08'!$M$4:$M$11)+SUMIF('02.08'!$N$4:$N$11,A21,'02.08'!$O$4:$O$11) -> 0 | J21: =SUMIF('03.08'!$B$4:$B$11,A21,'03.08'!$C$4:$C$11)+SUMIF('03.08'!$D$4:$D$11,A21,'03.08'!$E$4:$E$11)+SUMIF('03.08'!$F$4:$F$11,A21,'03.08'!$G$4:$G$11)+SUMIF('03.08'!$H$4:$H$11,A21,'03.08'!$I$4:$I$11)+SUMIF('03.08'!$J$4:$J$11,A21,'03.08'!$K$4:$K$11)+SUMIF('03.08'!$L$4:$L$11,A21,'03.08'!$M$4:$M$11)+SUMIF('03.08'!$N$4:$N$11,A21,'03.08'!$O$4:$O$11) -> 0 | K21: =SUMIF('04.08'!$B$4:$B$11,A21,'04.08'!$C$4:$C$11)+SUMIF('04.08'!$D$4:$D$11,A21,'04.08'!$E$4:$E$11)+SUMIF('04.08'!$F$4:$F$11,A21,'04.08'!$G$4:$G$11)+SUMIF('04.08'!$H$4:$H$11,A21,'04.08'!$I$4:$I$11)+SUMIF('04.08'!$J$4:$J$11,A21,'04.08'!$K$4:$K$11)+SUMIF('04.08'!$L$4:$L$11,A21,'04.08'!$M$4:$M$11)+SUMIF('04.08'!$N$4:$N$11,A21,'04.08'!$O$4:$O$11) -> 0 | L21: =SUMIF('05.08'!$B$4:$B$11,A21,'05.08'!$C$4:$C$11)+SUMIF('05.08'!$D$4:$D$11,A21,'05.08'!$E$4:$E$11)+SUMIF('05.08'!$F$4:$F$11,A21,'05.08'!$G$4:$G$11)+SUMIF('05.08'!$H$4:$H$11,A21,'05.08'!$I$4:$I$11)+SUMIF('05.08'!$J$4:$J$11,A21,'05.08'!$K$4:$K$11)+SUMIF('05.08'!$L$4:$L$11,A21,'05.08'!$M$4:$M$11)+SUMIF('05.08'!$N$4:$N$11,A21,'05.08'!$O$4:$O$11) -> 0 | M21: =SUMIF('06.08'!$B$4:$B$11,A21,'06.08'!$C$4:$C$11)+SUMIF('06.08'!$D$4:$D$11,A21,'06.08'!$E$4:$E$11)+SUMIF('06.08'!$F$4:$F$11,A21,'06.08'!$G$4:$G$11)+SUMIF('06.08'!$H$4:$H$11,A21,'06.08'!$I$4:$I$11)+SUMIF('06.08'!$J$4:$J$11,A21,'06.08'!$K$4:$K$11)+SUMIF('06.08'!$L$4:$L$11,A21,'06.08'!$M$4:$M$11)+SUMIF('06.08'!$N$4:$N$11,A21,'06.08'!$O$4:$O$11) -> 0 | N21: =SUMIF('07.08'!$B$4:$B$11,A21,'07.08'!$C$4:$C$11)+SUMIF('07.08'!$D$4:$D$11,A21,'07.08'!$E$4:$E$11)+SUMIF('07.08'!$F$4:$F$11,A21,'07.08'!$G$4:$G$11)+SUMIF('07.08'!$H$4:$H$11,A21,'07.08'!$I$4:$I$11)+SUMIF('07.08'!$J$4:$J$11,A21,'07.08'!$K$4:$K$11)+SUMIF('07.08'!$L$4:$L$11,A21,'07.08'!$M$4:$M$11)+SUMIF('07.08'!$N$4:$N$11,A21,'07.08'!$O$4:$O$11) -> 0 | O21: =SUMIF('08.08'!$B$4:$B$11,A21,'08.08'!$C$4:$C$11)+SUMIF('08.08'!$D$4:$D$11,A21,'08.08'!$E$4:$E$11)+SUMIF('08.08'!$F$4:$F$11,A21,'08.08'!$G$4:$G$11)+SUMIF('08.08'!$H$4:$H$11,A21,'08.08'!$I$4:$I$11)+SUMIF('08.08'!$J$4:$J$11,A21,'08.08'!$K$4:$K$11)+SUMIF('08.08'!$L$4:$L$11,A21,'08.08'!$M$4:$M$11)+SUMIF('08.08'!$N$4:$N$11,A21,'08.08'!$O$4:$O$11) -> 0 | P21: =SUMIF('09.08'!$B$4:$B$11,A21,'09.08'!$C$4:$C$11)+SUMIF('09.08'!$D$4:$D$11,A21,'09.08'!$E$4:$E$11)+SUMIF('09.08'!$F$4:$F$11,A21,'09.08'!$G$4:$G$11)+SUMIF('09.08'!$H$4:$H$11,A21,'09.08'!$I$4:$I$11)+SUMIF('09.08'!$J$4:$J$11,A21,'09.08'!$K$4:$K$11)+SUMIF('09.08'!$L$4:$L$11,A21,'09.08'!$M$4:$M$11)+SUMIF('09.08'!$N$4:$N$11,A21,'09.08'!$O$4:$O$11) -> 0 | Q21: =SUMIF('10.08'!$B$4:$B$11,A21,'10.08'!$C$4:$C$11)+SUMIF('10.08'!$D$4:$D$11,A21,'10.08'!$E$4:$E$11)+SUMIF('10.08'!$F$4:$F$11,A21,'10.08'!$G$4:$G$11)+SUMIF('10.08'!$H$4:$H$11,A21,'10.08'!$I$4:$I$11)+SUMIF('10.08'!$J$4:$J$11,A21,'10.08'!$K$4:$K$11)+SUMIF('10.08'!$L$4:$L$11,A21,'10.08'!$M$4:$M$11)+SUMIF('10.08'!$N$4:$N$11,A21,'10.08'!$O$4:$O$11) -> 0 | R21: =SUMIF('11.08'!$B$4:$B$11,A21,'11.08'!$C$4:$C$11)+SUMIF('11.08'!$D$4:$D$11,A21,'11.08'!$E$4:$E$11)+SUMIF('11.08'!$F$4:$F$11,A21,'11.08'!$G$4:$G$11)+SUMIF('11.08'!$H$4:$H$11,A21,'11.08'!$I$4:$I$11)+SUMIF('11.08'!$J$4:$J$11,A21,'11.08'!$K$4:$K$11)+SUMIF('11.08'!$L$4:$L$11,A21,'11.08'!$M$4:$M$11)+SUMIF('11.08'!$N$4:$N$11,A21,'11.08'!$O$4:$O$11) -> #N/A
A22: ='список продуктов'!A27 -> Макароны | B22: ='список продуктов'!B27 -> пачка | C22: ='список продуктов'!C27 -> 500 | D22: ='список продуктов'!D27 | E22: ='список продуктов'!E27 -> Долгосрочный | F22: =SUM(I22:R22) -> #N/A | G22: =IFERROR(CEILING(F22/C22,1),"Введите занчения") -> Введите занчения | H22: =IFERROR(G22*D22,"Введите занчения") -> Введите занчения | I22: =SUMIF('02.08'!$B$4:$B$11,A22,'02.08'!$C$4:$C$11)+SUMIF('02.08'!$D$4:$D$11,A22,'02.08'!$E$4:$E$11)+SUMIF('02.08'!$F$4:$F$11,A22,'02.08'!$G$4:$G$11)+SUMIF('02.08'!$H$4:$H$11,A22,'02.08'!$I$4:$I$11)+SUMIF('02.08'!$J$4:$J$11,A22,'02.08'!$K$4:$K$11)+SUMIF('02.08'!$L$4:$L$11,A22,'02.08'!$M$4:$M$11)+SUMIF('02.08'!$N$4:$N$11,A22,'02.08'!$O$4:$O$11) -> 0 | J22: =SUMIF('03.08'!$B$4:$B$11,A22,'03.08'!$C$4:$C$11)+SUMIF('03.08'!$D$4:$D$11,A22,'03.08'!$E$4:$E$11)+SUMIF('03.08'!$F$4:$F$11,A22,'03.08'!$G$4:$G$11)+SUMIF('03.08'!$H$4:$H$11,A22,'03.08'!$I$4:$I$11)+SUMIF('03.08'!$J$4:$J$11,A22,'03.08'!$K$4:$K$11)+SUMIF('03.08'!$L$4:$L$11,A22,'03.08'!$M$4:$M$11)+SUMIF('03.08'!$N$4:$N$11,A22,'03.08'!$O$4:$O$11) -> 0 | K22: =SUMIF('04.08'!$B$4:$B$11,A22,'04.08'!$C$4:$C$11)+SUMIF('04.08'!$D$4:$D$11,A22,'04.08'!$E$4:$E$11)+SUMIF('04.08'!$F$4:$F$11,A22,'04.08'!$G$4:$G$11)+SUMIF('04.08'!$H$4:$H$11,A22,'04.08'!$I$4:$I$11)+SUMIF('04.08'!$J$4:$J$11,A22,'04.08'!$K$4:$K$11)+SUMIF('04.08'!$L$4:$L$11,A22,'04.08'!$M$4:$M$11)+SUMIF('04.08'!$N$4:$N$11,A22,'04.08'!$O$4:$O$11) -> 0 | L22: =SUMIF('05.08'!$B$4:$B$11,A22,'05.08'!$C$4:$C$11)+SUMIF('05.08'!$D$4:$D$11,A22,'05.08'!$E$4:$E$11)+SUMIF('05.08'!$F$4:$F$11,A22,'05.08'!$G$4:$G$11)+SUMIF('05.08'!$H$4:$H$11,A22,'05.08'!$I$4:$I$11)+SUMIF('05.08'!$J$4:$J$11,A22,'05.08'!$K$4:$K$11)+SUMIF('05.08'!$L$4:$L$11,A22,'05.08'!$M$4:$M$11)+SUMIF('05.08'!$N$4:$N$11,A22,'05.08'!$O$4:$O$11) -> 0 | M22: =SUMIF('06.08'!$B$4:$B$11,A22,'06.08'!$C$4:$C$11)+SUMIF('06.08'!$D$4:$D$11,A22,'06.08'!$E$4:$E$11)+SUMIF('06.08'!$F$4:$F$11,A22,'06.08'!$G$4:$G$11)+SUMIF('06.08'!$H$4:$H$11,A22,'06.08'!$I$4:$I$11)+SUMIF('06.08'!$J$4:$J$11,A22,'06.08'!$K$4:$K$11)+SUMIF('06.08'!$L$4:$L$11,A22,'06.08'!$M$4:$M$11)+SUMIF('06.08'!$N$4:$N$11,A22,'06.08'!$O$4:$O$11) -> 0 | N22: =SUMIF('07.08'!$B$4:$B$11,A22,'07.08'!$C$4:$C$11)+SUMIF('07.08'!$D$4:$D$11,A22,'07.08'!$E$4:$E$11)+SUMIF('07.08'!$F$4:$F$11,A22,'07.08'!$G$4:$G$11)+SUMIF('07.08'!$H$4:$H$11,A22,'07.08'!$I$4:$I$11)+SUMIF('07.08'!$J$4:$J$11,A22,'07.08'!$K$4:$K$11)+SUMIF('07.08'!$L$4:$L$11,A22,'07.08'!$M$4:$M$11)+SUMIF('07.08'!$N$4:$N$11,A22,'07.08'!$O$4:$O$11) -> 0 | O22: =SUMIF('08.08'!$B$4:$B$11,A22,'08.08'!$C$4:$C$11)+SUMIF('08.08'!$D$4:$D$11,A22,'08.08'!$E$4:$E$11)+SUMIF('08.08'!$F$4:$F$11,A22,'08.08'!$G$4:$G$11)+SUMIF('08.08'!$H$4:$H$11,A22,'08.08'!$I$4:$I$11)+SUMIF('08.08'!$J$4:$J$11,A22,'08.08'!$K$4:$K$11)+SUMIF('08.08'!$L$4:$L$11,A22,'08.08'!$M$4:$M$11)+SUMIF('08.08'!$N$4:$N$11,A22,'08.08'!$O$4:$O$11) -> 0 | P22: =SUMIF('09.08'!$B$4:$B$11,A22,'09.08'!$C$4:$C$11)+SUMIF('09.08'!$D$4:$D$11,A22,'09.08'!$E$4:$E$11)+SUMIF('09.08'!$F$4:$F$11,A22,'09.08'!$G$4:$G$11)+SUMIF('09.08'!$H$4:$H$11,A22,'09.08'!$I$4:$I$11)+SUMIF('09.08'!$J$4:$J$11,A22,'09.08'!$K$4:$K$11)+SUMIF('09.08'!$L$4:$L$11,A22,'09.08'!$M$4:$M$11)+SUMIF('09.08'!$N$4:$N$11,A22,'09.08'!$O$4:$O$11) -> 0 | Q22: =SUMIF('10.08'!$B$4:$B$11,A22,'10.08'!$C$4:$C$11)+SUMIF('10.08'!$D$4:$D$11,A22,'10.08'!$E$4:$E$11)+SUMIF('10.08'!$F$4:$F$11,A22,'10.08'!$G$4:$G$11)+SUMIF('10.08'!$H$4:$H$11,A22,'10.08'!$I$4:$I$11)+SUMIF('10.08'!$J$4:$J$11,A22,'10.08'!$K$4:$K$11)+SUMIF('10.08'!$L$4:$L$11,A22,'10.08'!$M$4:$M$11)+SUMIF('10.08'!$N$4:$N$11,A22,'10.08'!$O$4:$O$11) -> 0 | R22: =SUMIF('11.08'!$B$4:$B$11,A22,'11.08'!$C$4:$C$11)+SUMIF('11.08'!$D$4:$D$11,A22,'11.08'!$E$4:$E$11)+SUMIF('11.08'!$F$4:$F$11,A22,'11.08'!$G$4:$G$11)+SUMIF('11.08'!$H$4:$H$11,A22,'11.08'!$I$4:$I$11)+SUMIF('11.08'!$J$4:$J$11,A22,'11.08'!$K$4:$K$11)+SUMIF('11.08'!$L$4:$L$11,A22,'11.08'!$M$4:$M$11)+SUMIF('11.08'!$N$4:$N$11,A22,'11.08'!$O$4:$O$11) -> #N/A
A23: ='список продуктов'!A28 -> Маринованные огурцы | B23: ='список продуктов'!B28 | C23: ='список продуктов'!C28 -> 450 нетто | D23: ='список продуктов'!D28 | E23: ='список продуктов'!E28 -> Краткосрочный | F23: =SUM(I23:R23) -> #N/A | G23: =IFERROR(CEILING(F23/C23,1),"Введите занчения") -> Введите занчения | H23: =IFERROR(G23*D23,"Введите занчения") -> Введите занчения | I23: =SUMIF('02.08'!$B$4:$B$11,A23,'02.08'!$C$4:$C$11)+SUMIF('02.08'!$D$4:$D$11,A23,'02.08'!$E$4:$E$11)+SUMIF('02.08'!$F$4:$F$11,A23,'02.08'!$G$4:$G$11)+SUMIF('02.08'!$H$4:$H$11,A23,'02.08'!$I$4:$I$11)+SUMIF('02.08'!$J$4:$J$11,A23,'02.08'!$K$4:$K$11)+SUMIF('02.08'!$L$4:$L$11,A23,'02.08'!$M$4:$M$11)+SUMIF('02.08'!$N$4:$N$11,A23,'02.08'!$O$4:$O$11) -> 0 | J23: =SUMIF('03.08'!$B$4:$B$11,A23,'03.08'!$C$4:$C$11)+SUMIF('03.08'!$D$4:$D$11,A23,'03.08'!$E$4:$E$11)+SUMIF('03.08'!$F$4:$F$11,A23,'03.08'!$G$4:$G$11)+SUMIF('03.08'!$H$4:$H$11,A23,'03.08'!$I$4:$I$11)+SUMIF('03.08'!$J$4:$J$11,A23,'03.08'!$K$4:$K$11)+SUMIF('03.08'!$L$4:$L$11,A23,'03.08'!$M$4:$M$11)+SUMIF('03.08'!$N$4:$N$11,A23,'03.08'!$O$4:$O$11) -> 0 | K23: =SUMIF('04.08'!$B$4:$B$11,A23,'04.08'!$C$4:$C$11)+SUMIF('04.08'!$D$4:$D$11,A23,'04.08'!$E$4:$E$11)+SUMIF('04.08'!$F$4:$F$11,A23,'04.08'!$G$4:$G$11)+SUMIF('04.08'!$H$4:$H$11,A23,'04.08'!$I$4:$I$11)+SUMIF('04.08'!$J$4:$J$11,A23,'04.08'!$K$4:$K$11)+SUMIF('04.08'!$L$4:$L$11,A23,'04.08'!$M$4:$M$11)+SUMIF('04.08'!$N$4:$N$11,A23,'04.08'!$O$4:$O$11) -> 0 | L23: =SUMIF('05.08'!$B$4:$B$11,A23,'05.08'!$C$4:$C$11)+SUMIF('05.08'!$D$4:$D$11,A23,'05.08'!$E$4:$E$11)+SUMIF('05.08'!$F$4:$F$11,A23,'05.08'!$G$4:$G$11)+SUMIF('05.08'!$H$4:$H$11,A23,'05.08'!$I$4:$I$11)+SUMIF('05.08'!$J$4:$J$11,A23,'05.08'!$K$4:$K$11)+SUMIF('05.08'!$L$4:$L$11,A23,'05.08'!$M$4:$M$11)+SUMIF('05.08'!$N$4:$N$11,A23,'05.08'!$O$4:$O$11) -> 0 | M23: =SUMIF('06.08'!$B$4:$B$11,A23,'06.08'!$C$4:$C$11)+SUMIF('06.08'!$D$4:$D$11,A23,'06.08'!$E$4:$E$11)+SUMIF('06.08'!$F$4:$F$11,A23,'06.08'!$G$4:$G$11)+SUMIF('06.08'!$H$4:$H$11,A23,'06.08'!$I$4:$I$11)+SUMIF('06.08'!$J$4:$J$11,A23,'06.08'!$K$4:$K$11)+SUMIF('06.08'!$L$4:$L$11,A23,'06.08'!$M$4:$M$11)+SUMIF('06.08'!$N$4:$N$11,A23,'06.08'!$O$4:$O$11) -> 0 | N23: =SUMIF('07.08'!$B$4:$B$11,A23,'07.08'!$C$4:$C$11)+SUMIF('07.08'!$D$4:$D$11,A23,'07.08'!$E$4:$E$11)+SUMIF('07.08'!$F$4:$F$11,A23,'07.08'!$G$4:$G$11)+SUMIF('07.08'!$H$4:$H$11,A23,'07.08'!$I$4:$I$11)+SUMIF('07.08'!$J$4:$J$11,A23,'07.08'!$K$4:$K$11)+SUMIF('07.08'!$L$4:$L$11,A23,'07.08'!$M$4:$M$11)+SUMIF('07.08'!$N$4:$N$11,A23,'07.08'!$O$4:$O$11) -> 0 | O23: =SUMIF('08.08'!$B$4:$B$11,A23,'08.08'!$C$4:$C$11)+SUMIF('08.08'!$D$4:$D$11,A23,'08.08'!$E$4:$E$11)+SUMIF('08.08'!$F$4:$F$11,A23,'08.08'!$G$4:$G$11)+SUMIF('08.08'!$H$4:$H$11,A23,'08.08'!$I$4:$I$11)+SUMIF('08.08'!$J$4:$J$11,A23,'08.08'!$K$4:$K$11)+SUMIF('08.08'!$L$4:$L$11,A23,'08.08'!$M$4:$M$11)+SUMIF('08.08'!$N$4:$N$11,A23,'08.08'!$O$4:$O$11) -> 0 | P23: =SUMIF('09.08'!$B$4:$B$11,A23,'09.08'!$C$4:$C$11)+SUMIF('09.08'!$D$4:$D$11,A23,'09.08'!$E$4:$E$11)+SUMIF('09.08'!$F$4:$F$11,A23,'09.08'!$G$4:$G$11)+SUMIF('09.08'!$H$4:$H$11,A23,'09.08'!$I$4:$I$11)+SUMIF('09.08'!$J$4:$J$11,A23,'09.08'!$K$4:$K$11)+SUMIF('09.08'!$L$4:$L$11,A23,'09.08'!$M$4:$M$11)+SUMIF('09.08'!$N$4:$N$11,A23,'09.08'!$O$4:$O$11) -> 0 | Q23: =SUMIF('10.08'!$B$4:$B$11,A23,'10.08'!$C$4:$C$11)+SUMIF('10.08'!$D$4:$D$11,A23,'10.08'!$E$4:$E$11)+SUMIF('10.08'!$F$4:$F$11,A23,'10.08'!$G$4:$G$11)+SUMIF('10.08'!$H$4:$H$11,A23,'10.08'!$I$4:$I$11)+SUMIF('10.08'!$J$4:$J$11,A23,'10.08'!$K$4:$K$11)+SUMIF('10.08'!$L$4:$L$11,A23,'10.08'!$M$4:$M$11)+SUMIF('10.08'!$N$4:$N$11,A23,'10.08'!$O$4:$O$11) -> 0 | R23: =SUMIF('11.08'!$B$4:$B$11,A23,'11.08'!$C$4:$C$11)+SUMIF('11.08'!$D$4:$D$11,A23,'11.08'!$E$4:$E$11)+SUMIF('11.08'!$F$4:$F$11,A23,'11.08'!$G$4:$G$11)+SUMIF('11.08'!$H$4:$H$11,A23,'11.08'!$I$4:$I$11)+SUMIF('11.08'!$J$4:$J$11,A23,'11.08'!$K$4:$K$11)+SUMIF('11.08'!$L$4:$L$11,A23,'11.08'!$M$4:$M$11)+SUMIF('11.08'!$N$4:$N$11,A23,'11.08'!$O$4:$O$11) -> #N/A
A24: ='список продуктов'!A30 -> Мини томатная паста (для уч) | B24: ='список продуктов'!B30 -> банка | C24: ='список продуктов'!C30 -> 70 | D24: ='список продуктов'!D30 | E24: ='список продуктов'!E30 -> Долгосрочный | F24: =SUM(I24:R24) -> #N/A | G24: =IFERROR(CEILING(F24/C24,1),"Введите занчения") -> Введите занчения | H24: =IFERROR(G24*D24,"Введите занчения") -> Введите занчения | I24: =SUMIF('02.08'!$B$4:$B$11,A24,'02.08'!$C$4:$C$11)+SUMIF('02.08'!$D$4:$D$11,A24,'02.08'!$E$4:$E$11)+SUMIF('02.08'!$F$4:$F$11,A24,'02.08'!$G$4:$G$11)+SUMIF('02.08'!$H$4:$H$11,A24,'02.08'!$I$4:$I$11)+SUMIF('02.08'!$J$4:$J$11,A24,'02.08'!$K$4:$K$11)+SUMIF('02.08'!$L$4:$L$11,A24,'02.08'!$M$4:$M$11)+SUMIF('02.08'!$N$4:$N$11,A24,'02.08'!$O$4:$O$11) -> 0 | J24: =SUMIF('03.08'!$B$4:$B$11,A24,'03.08'!$C$4:$C$11)+SUMIF('03.08'!$D$4:$D$11,A24,'03.08'!$E$4:$E$11)+SUMIF('03.08'!$F$4:$F$11,A24,'03.08'!$G$4:$G$11)+SUMIF('03.08'!$H$4:$H$11,A24,'03.08'!$I$4:$I$11)+SUMIF('03.08'!$J$4:$J$11,A24,'03.08'!$K$4:$K$11)+SUMIF('03.08'!$L$4:$L$11,A24,'03.08'!$M$4:$M$11)+SUMIF('03.08'!$N$4:$N$11,A24,'03.08'!$O$4:$O$11) -> 0 | K24: =SUMIF('04.08'!$B$4:$B$11,A24,'04.08'!$C$4:$C$11)+SUMIF('04.08'!$D$4:$D$11,A24,'04.08'!$E$4:$E$11)+SUMIF('04.08'!$F$4:$F$11,A24,'04.08'!$G$4:$G$11)+SUMIF('04.08'!$H$4:$H$11,A24,'04.08'!$I$4:$I$11)+SUMIF('04.08'!$J$4:$J$11,A24,'04.08'!$K$4:$K$11)+SUMIF('04.08'!$L$4:$L$11,A24,'04.08'!$M$4:$M$11)+SUMIF('04.08'!$N$4:$N$11,A24,'04.08'!$O$4:$O$11) -> 0 | L24: =SUMIF('05.08'!$B$4:$B$11,A24,'05.08'!$C$4:$C$11)+SUMIF('05.08'!$D$4:$D$11,A24,'05.08'!$E$4:$E$11)+SUMIF('05.08'!$F$4:$F$11,A24,'05.08'!$G$4:$G$11)+SUMIF('05.08'!$H$4:$H$11,A24,'05.08'!$I$4:$I$11)+SUMIF('05.08'!$J$4:$J$11,A24,'05.08'!$K$4:$K$11)+SUMIF('05.08'!$L$4:$L$11,A24,'05.08'!$M$4:$M$11)+SUMIF('05.08'!$N$4:$N$11,A24,'05.08'!$O$4:$O$11) -> 0 | M24: =SUMIF('06.08'!$B$4:$B$11,A24,'06.08'!$C$4:$C$11)+SUMIF('06.08'!$D$4:$D$11,A24,'06.08'!$E$4:$E$11)+SUMIF('06.08'!$F$4:$F$11,A24,'06.08'!$G$4:$G$11)+SUMIF('06.08'!$H$4:$H$11,A24,'06.08'!$I$4:$I$11)+SUMIF('06.08'!$J$4:$J$11,A24,'06.08'!$K$4:$K$11)+SUMIF('06.08'!$L$4:$L$11,A24,'06.08'!$M$4:$M$11)+SUMIF('06.08'!$N$4:$N$11,A24,'06.08'!$O$4:$O$11) -> 0 | N24: =SUMIF('07.08'!$B$4:$B$11,A24,'07.08'!$C$4:$C$11)+SUMIF('07.08'!$D$4:$D$11,A24,'07.08'!$E$4:$E$11)+SUMIF('07.08'!$F$4:$F$11,A24,'07.08'!$G$4:$G$11)+SUMIF('07.08'!$H$4:$H$11,A24,'07.08'!$I$4:$I$11)+SUMIF('07.08'!$J$4:$J$11,A24,'07.08'!$K$4:$K$11)+SUMIF('07.08'!$L$4:$L$11,A24,'07.08'!$M$4:$M$11)+SUMIF('07.08'!$N$4:$N$11,A24,'07.08'!$O$4:$O$11) -> 0 | O24: =SUMIF('08.08'!$B$4:$B$11,A24,'08.08'!$C$4:$C$11)+SUMIF('08.08'!$D$4:$D$11,A24,'08.08'!$E$4:$E$11)+SUMIF('08.08'!$F$4:$F$11,A24,'08.08'!$G$4:$G$11)+SUMIF('08.08'!$H$4:$H$11,A24,'08.08'!$I$4:$I$11)+SUMIF('08.08'!$J$4:$J$11,A24,'08.08'!$K$4:$K$11)+SUMIF('08.08'!$L$4:$L$11,A24,'08.08'!$M$4:$M$11)+SUMIF('08.08'!$N$4:$N$11,A24,'08.08'!$O$4:$O$11) -> 0 | P24: =SUMIF('09.08'!$B$4:$B$11,A24,'09.08'!$C$4:$C$11)+SUMIF('09.08'!$D$4:$D$11,A24,'09.08'!$E$4:$E$11)+SUMIF('09.08'!$F$4:$F$11,A24,'09.08'!$G$4:$G$11)+SUMIF('09.08'!$H$4:$H$11,A24,'09.08'!$I$4:$I$11)+SUMIF('09.08'!$J$4:$J$11,A24,'09.08'!$K$4:$K$11)+SUMIF('09.08'!$L$4:$L$11,A24,'09.08'!$M$4:$M$11)+SUMIF('09.08'!$N$4:$N$11,A24,'09.08'!$O$4:$O$11) -> 0 | Q24: =SUMIF('10.08'!$B$4:$B$11,A24,'10.08'!$C$4:$C$11)+SUMIF('10.08'!$D$4:$D$11,A24,'10.08'!$E$4:$E$11)+SUMIF('10.08'!$F$4:$F$11,A24,'10.08'!$G$4:$G$11)+SUMIF('10.08'!$H$4:$H$11,A24,'10.08'!$I$4:$I$11)+SUMIF('10.08'!$J$4:$J$11,A24,'10.08'!$K$4:$K$11)+SUMIF('10.08'!$L$4:$L$11,A24,'10.08'!$M$4:$M$11)+SUMIF('10.08'!$N$4:$N$11,A24,'10.08'!$O$4:$O$11) -> 0 | R24: =SUMIF('11.08'!$B$4:$B$11,A24,'11.08'!$C$4:$C$11)+SUMIF('11.08'!$D$4:$D$11,A24,'11.08'!$E$4:$E$11)+SUMIF('11.08'!$F$4:$F$11,A24,'11.08'!$G$4:$G$11)+SUMIF('11.08'!$H$4:$H$11,A24,'11.08'!$I$4:$I$11)+SUMIF('11.08'!$J$4:$J$11,A24,'11.08'!$K$4:$K$11)+SUMIF('11.08'!$L$4:$L$11,A24,'11.08'!$M$4:$M$11)+SUMIF('11.08'!$N$4:$N$11,A24,'11.08'!$O$4:$O$11) -> #N/A
A25: ='список продуктов'!A32 -> Морковь | B25: ='список продуктов'!B32 -> кг | C25: ='список продуктов'!C32 -> 1000 | D25: ='список продуктов'!D32 | E25: ='список продуктов'!E32 -> Краткосрочный | F25: =SUM(I25:R25) -> #N/A | G25: =IFERROR(CEILING(F25/C25,1),"Введите занчения") -> Введите занчения | H25: =IFERROR(G25*D25,"Введите занчения") -> Введите занчения | I25: =SUMIF('02.08'!$B$4:$B$11,A25,'02.08'!$C$4:$C$11)+SUMIF('02.08'!$D$4:$D$11,A25,'02.08'!$E$4:$E$11)+SUMIF('02.08'!$F$4:$F$11,A25,'02.08'!$G$4:$G$11)+SUMIF('02.08'!$H$4:$H$11,A25,'02.08'!$I$4:$I$11)+SUMIF('02.08'!$J$4:$J$11,A25,'02.08'!$K$4:$K$11)+SUMIF('02.08'!$L$4:$L$11,A25,'02.08'!$M$4:$M$11)+SUMIF('02.08'!$N$4:$N$11,A25,'02.08'!$O$4:$O$11) -> 0 | J25: =SUMIF('03.08'!$B$4:$B$11,A25,'03.08'!$C$4:$C$11)+SUMIF('03.08'!$D$4:$D$11,A25,'03.08'!$E$4:$E$11)+SUMIF('03.08'!$F$4:$F$11,A25,'03.08'!$G$4:$G$11)+SUMIF('03.08'!$H$4:$H$11,A25,'03.08'!$I$4:$I$11)+SUMIF('03.08'!$J$4:$J$11,A25,'03.08'!$K$4:$K$11)+SUMIF('03.08'!$L$4:$L$11,A25,'03.08'!$M$4:$M$11)+SUMIF('03.08'!$N$4:$N$11,A25,'03.08'!$O$4:$O$11) -> 0 | K25: =SUMIF('04.08'!$B$4:$B$11,A25,'04.08'!$C$4:$C$11)+SUMIF('04.08'!$D$4:$D$11,A25,'04.08'!$E$4:$E$11)+SUMIF('04.08'!$F$4:$F$11,A25,'04.08'!$G$4:$G$11)+SUMIF('04.08'!$H$4:$H$11,A25,'04.08'!$I$4:$I$11)+SUMIF('04.08'!$J$4:$J$11,A25,'04.08'!$K$4:$K$11)+SUMIF('04.08'!$L$4:$L$11,A25,'04.08'!$M$4:$M$11)+SUMIF('04.08'!$N$4:$N$11,A25,'04.08'!$O$4:$O$11) -> 0 | L25: =SUMIF('05.08'!$B$4:$B$11,A25,'05.08'!$C$4:$C$11)+SUMIF('05.08'!$D$4:$D$11,A25,'05.08'!$E$4:$E$11)+SUMIF('05.08'!$F$4:$F$11,A25,'05.08'!$G$4:$G$11)+SUMIF('05.08'!$H$4:$H$11,A25,'05.08'!$I$4:$I$11)+SUMIF('05.08'!$J$4:$J$11,A25,'05.08'!$K$4:$K$11)+SUMIF('05.08'!$L$4:$L$11,A25,'05.08'!$M$4:$M$11)+SUMIF('05.08'!$N$4:$N$11,A25,'05.08'!$O$4:$O$11) -> 0 | M25: =SUMIF('06.08'!$B$4:$B$11,A25,'06.08'!$C$4:$C$11)+SUMIF('06.08'!$D$4:$D$11,A25,'06.08'!$E$4:$E$11)+SUMIF('06.08'!$F$4:$F$11,A25,'06.08'!$G$4:$G$11)+SUMIF('06.08'!$H$4:$H$11,A25,'06.08'!$I$4:$I$11)+SUMIF('06.08'!$J$4:$J$11,A25,'06.08'!$K$4:$K$11)+SUMIF('06.08'!$L$4:$L$11,A25,'06.08'!$M$4:$M$11)+SUMIF('06.08'!$N$4:$N$11,A25,'06.08'!$O$4:$O$11) -> 0 | N25: =SUMIF('07.08'!$B$4:$B$11,A25,'07.08'!$C$4:$C$11)+SUMIF('07.08'!$D$4:$D$11,A25,'07.08'!$E$4:$E$11)+SUMIF('07.08'!$F$4:$F$11,A25,'07.08'!$G$4:$G$11)+SUMIF('07.08'!$H$4:$H$11,A25,'07.08'!$I$4:$I$11)+SUMIF('07.08'!$J$4:$J$11,A25,'07.08'!$K$4:$K$11)+SUMIF('07.08'!$L$4:$L$11,A25,'07.08'!$M$4:$M$11)+SUMIF('07.08'!$N$4:$N$11,A25,'07.08'!$O$4:$O$11) -> 0 | O25: =SUMIF('08.08'!$B$4:$B$11,A25,'08.08'!$C$4:$C$11)+SUMIF('08.08'!$D$4:$D$11,A25,'08.08'!$E$4:$E$11)+SUMIF('08.08'!$F$4:$F$11,A25,'08.08'!$G$4:$G$11)+SUMIF('08.08'!$H$4:$H$11,A25,'08.08'!$I$4:$I$11)+SUMIF('08.08'!$J$4:$J$11,A25,'08.08'!$K$4:$K$11)+SUMIF('08.08'!$L$4:$L$11,A25,'08.08'!$M$4:$M$11)+SUMIF('08.08'!$N$4:$N$11,A25,'08.08'!$O$4:$O$11) -> 0 | P25: =SUMIF('09.08'!$B$4:$B$11,A25,'09.08'!$C$4:$C$11)+SUMIF('09.08'!$D$4:$D$11,A25,'09.08'!$E$4:$E$11)+SUMIF('09.08'!$F$4:$F$11,A25,'09.08'!$G$4:$G$11)+SUMIF('09.08'!$H$4:$H$11,A25,'09.08'!$I$4:$I$11)+SUMIF('09.08'!$J$4:$J$11,A25,'09.08'!$K$4:$K$11)+SUMIF('09.08'!$L$4:$L$11,A25,'09.08'!$M$4:$M$11)+SUMIF('09.08'!$N$4:$N$11,A25,'09.08'!$O$4:$O$11) -> 0 | Q25: =SUMIF('10.08'!$B$4:$B$11,A25,'10.08'!$C$4:$C$11)+SUMIF('10.08'!$D$4:$D$11,A25,'10.08'!$E$4:$E$11)+SUMIF('10.08'!$F$4:$F$11,A25,'10.08'!$G$4:$G$11)+SUMIF('10.08'!$H$4:$H$11,A25,'10.08'!$I$4:$I$11)+SUMIF('10.08'!$J$4:$J$11,A25,'10.08'!$K$4:$K$11)+SUMIF('10.08'!$L$4:$L$11,A25,'10.08'!$M$4:$M$11)+SUMIF('10.08'!$N$4:$N$11,A25,'10.08'!$O$4:$O$11) -> 0 | R25: =SUMIF('11.08'!$B$4:$B$11,A25,'11.08'!$C$4:$C$11)+SUMIF('11.08'!$D$4:$D$11,A25,'11.08'!$E$4:$E$11)+SUMIF('11.08'!$F$4:$F$11,A25,'11.08'!$G$4:$G$11)+SUMIF('11.08'!$H$4:$H$11,A25,'11.08'!$I$4:$I$11)+SUMIF('11.08'!$J$4:$J$11,A25,'11.08'!$K$4:$K$11)+SUMIF('11.08'!$L$4:$L$11,A25,'11.08'!$M$4:$M$11)+SUMIF('11.08'!$N$4:$N$11,A25,'11.08'!$O$4:$O$11) -> #N/A
A26: ='список продуктов'!A33 -> Мука | B26: ='список продуктов'!B33 -> кг | C26: ='список продуктов'!C33 -> 500/1000 | D26: ='список продуктов'!D33 | E26: ='список продуктов'!E33 -> Долгосрочный | F26: =SUM(I26:R26) -> #N/A | G26: =IFERROR(CEILING(F26/C26,1),"Введите занчения") -> Введите занчения | H26: =IFERROR(G26*D26,"Введите занчения") -> Введите занчения | I26: =SUMIF('02.08'!$B$4:$B$11,A26,'02.08'!$C$4:$C$11)+SUMIF('02.08'!$D$4:$D$11,A26,'02.08'!$E$4:$E$11)+SUMIF('02.08'!$F$4:$F$11,A26,'02.08'!$G$4:$G$11)+SUMIF('02.08'!$H$4:$H$11,A26,'02.08'!$I$4:$I$11)+SUMIF('02.08'!$J$4:$J$11,A26,'02.08'!$K$4:$K$11)+SUMIF('02.08'!$L$4:$L$11,A26,'02.08'!$M$4:$M$11)+SUMIF('02.08'!$N$4:$N$11,A26,'02.08'!$O$4:$O$11) -> 0 | J26: =SUMIF('03.08'!$B$4:$B$11,A26,'03.08'!$C$4:$C$11)+SUMIF('03.08'!$D$4:$D$11,A26,'03.08'!$E$4:$E$11)+SUMIF('03.08'!$F$4:$F$11,A26,'03.08'!$G$4:$G$11)+SUMIF('03.08'!$H$4:$H$11,A26,'03.08'!$I$4:$I$11)+SUMIF('03.08'!$J$4:$J$11,A26,'03.08'!$K$4:$K$11)+SUMIF('03.08'!$L$4:$L$11,A26,'03.08'!$M$4:$M$11)+SUMIF('03.08'!$N$4:$N$11,A26,'03.08'!$O$4:$O$11) -> 0 | K26: =SUMIF('04.08'!$B$4:$B$11,A26,'04.08'!$C$4:$C$11)+SUMIF('04.08'!$D$4:$D$11,A26,'04.08'!$E$4:$E$11)+SUMIF('04.08'!$F$4:$F$11,A26,'04.08'!$G$4:$G$11)+SUMIF('04.08'!$H$4:$H$11,A26,'04.08'!$I$4:$I$11)+SUMIF('04.08'!$J$4:$J$11,A26,'04.08'!$K$4:$K$11)+SUMIF('04.08'!$L$4:$L$11,A26,'04.08'!$M$4:$M$11)+SUMIF('04.08'!$N$4:$N$11,A26,'04.08'!$O$4:$O$11) -> 0 | L26: =SUMIF('05.08'!$B$4:$B$11,A26,'05.08'!$C$4:$C$11)+SUMIF('05.08'!$D$4:$D$11,A26,'05.08'!$E$4:$E$11)+SUMIF('05.08'!$F$4:$F$11,A26,'05.08'!$G$4:$G$11)+SUMIF('05.08'!$H$4:$H$11,A26,'05.08'!$I$4:$I$11)+SUMIF('05.08'!$J$4:$J$11,A26,'05.08'!$K$4:$K$11)+SUMIF('05.08'!$L$4:$L$11,A26,'05.08'!$M$4:$M$11)+SUMIF('05.08'!$N$4:$N$11,A26,'05.08'!$O$4:$O$11) -> 0 | M26: =SUMIF('06.08'!$B$4:$B$11,A26,'06.08'!$C$4:$C$11)+SUMIF('06.08'!$D$4:$D$11,A26,'06.08'!$E$4:$E$11)+SUMIF('06.08'!$F$4:$F$11,A26,'06.08'!$G$4:$G$11)+SUMIF('06.08'!$H$4:$H$11,A26,'06.08'!$I$4:$I$11)+SUMIF('06.08'!$J$4:$J$11,A26,'06.08'!$K$4:$K$11)+SUMIF('06.08'!$L$4:$L$11,A26,'06.08'!$M$4:$M$11)+SUMIF('06.08'!$N$4:$N$11,A26,'06.08'!$O$4:$O$11) -> 0 | N26: =SUMIF('07.08'!$B$4:$B$11,A26,'07.08'!$C$4:$C$11)+SUMIF('07.08'!$D$4:$D$11,A26,'07.08'!$E$4:$E$11)+SUMIF('07.08'!$F$4:$F$11,A26,'07.08'!$G$4:$G$11)+SUMIF('07.08'!$H$4:$H$11,A26,'07.08'!$I$4:$I$11)+SUMIF('07.08'!$J$4:$J$11,A26,'07.08'!$K$4:$K$11)+SUMIF('07.08'!$L$4:$L$11,A26,'07.08'!$M$4:$M$11)+SUMIF('07.08'!$N$4:$N$11,A26,'07.08'!$O$4:$O$11) -> 0 | O26: =SUMIF('08.08'!$B$4:$B$11,A26,'08.08'!$C$4:$C$11)+SUMIF('08.08'!$D$4:$D$11,A26,'08.08'!$E$4:$E$11)+SUMIF('08.08'!$F$4:$F$11,A26,'08.08'!$G$4:$G$11)+SUMIF('08.08'!$H$4:$H$11,A26,'08.08'!$I$4:$I$11)+SUMIF('08.08'!$J$4:$J$11,A26,'08.08'!$K$4:$K$11)+SUMIF('08.08'!$L$4:$L$11,A26,'08.08'!$M$4:$M$11)+SUMIF('08.08'!$N$4:$N$11,A26,'08.08'!$O$4:$O$11) -> 0 | P26: =SUMIF('09.08'!$B$4:$B$11,A26,'09.08'!$C$4:$C$11)+SUMIF('09.08'!$D$4:$D$11,A26,'09.08'!$E$4:$E$11)+SUMIF('09.08'!$F$4:$F$11,A26,'09.08'!$G$4:$G$11)+SUMIF('09.08'!$H$4:$H$11,A26,'09.08'!$I$4:$I$11)+SUMIF('09.08'!$J$4:$J$11,A26,'09.08'!$K$4:$K$11)+SUMIF('09.08'!$L$4:$L$11,A26,'09.08'!$M$4:$M$11)+SUMIF('09.08'!$N$4:$N$11,A26,'09.08'!$O$4:$O$11) -> 0 | Q26: =SUMIF('10.08'!$B$4:$B$11,A26,'10.08'!$C$4:$C$11)+SUMIF('10.08'!$D$4:$D$11,A26,'10.08'!$E$4:$E$11)+SUMIF('10.08'!$F$4:$F$11,A26,'10.08'!$G$4:$G$11)+SUMIF('10.08'!$H$4:$H$11,A26,'10.08'!$I$4:$I$11)+SUMIF('10.08'!$J$4:$J$11,A26,'10.08'!$K$4:$K$11)+SUMIF('10.08'!$L$4:$L$11,A26,'10.08'!$M$4:$M$11)+SUMIF('10.08'!$N$4:$N$11,A26,'10.08'!$O$4:$O$11) -> 0 | R26: =SUMIF('11.08'!$B$4:$B$11,A26,'11.08'!$C$4:$C$11)+SUMIF('11.08'!$D$4:$D$11,A26,'11.08'!$E$4:$E$11)+SUMIF('11.08'!$F$4:$F$11,A26,'11.08'!$G$4:$G$11)+SUMIF('11.08'!$H$4:$H$11,A26,'11.08'!$I$4:$I$11)+SUMIF('11.08'!$J$4:$J$11,A26,'11.08'!$K$4:$K$11)+SUMIF('11.08'!$L$4:$L$11,A26,'11.08'!$M$4:$M$11)+SUMIF('11.08'!$N$4:$N$11,A26,'11.08'!$O$4:$O$11) -> #N/A
A27: ='список продуктов'!A34 -> Овсяная крупа | B27: ='список продуктов'!B34 -> пачка | C27: ='список продуктов'!C34 -> 450 | D27: ='список продуктов'!D34 | E27: ='список продуктов'!E34 -> Долгосрочный | F27: =SUM(I27:R27) -> #N/A | G27: =IFERROR(CEILING(F27/C27,1),"Введите занчения") -> Введите занчения | H27: =IFERROR(G27*D27,"Введите занчения") -> Введите занчения | I27: =SUMIF('02.08'!$B$4:$B$11,A27,'02.08'!$C$4:$C$11)+SUMIF('02.08'!$D$4:$D$11,A27,'02.08'!$E$4:$E$11)+SUMIF('02.08'!$F$4:$F$11,A27,'02.08'!$G$4:$G$11)+SUMIF('02.08'!$H$4:$H$11,A27,'02.08'!$I$4:$I$11)+SUMIF('02.08'!$J$4:$J$11,A27,'02.08'!$K$4:$K$11)+SUMIF('02.08'!$L$4:$L$11,A27,'02.08'!$M$4:$M$11)+SUMIF('02.08'!$N$4:$N$11,A27,'02.08'!$O$4:$O$11) -> 0 | J27: =SUMIF('03.08'!$B$4:$B$11,A27,'03.08'!$C$4:$C$11)+SUMIF('03.08'!$D$4:$D$11,A27,'03.08'!$E$4:$E$11)+SUMIF('03.08'!$F$4:$F$11,A27,'03.08'!$G$4:$G$11)+SUMIF('03.08'!$H$4:$H$11,A27,'03.08'!$I$4:$I$11)+SUMIF('03.08'!$J$4:$J$11,A27,'03.08'!$K$4:$K$11)+SUMIF('03.08'!$L$4:$L$11,A27,'03.08'!$M$4:$M$11)+SUMIF('03.08'!$N$4:$N$11,A27,'03.08'!$O$4:$O$11) -> 0 | K27: =SUMIF('04.08'!$B$4:$B$11,A27,'04.08'!$C$4:$C$11)+SUMIF('04.08'!$D$4:$D$11,A27,'04.08'!$E$4:$E$11)+SUMIF('04.08'!$F$4:$F$11,A27,'04.08'!$G$4:$G$11)+SUMIF('04.08'!$H$4:$H$11,A27,'04.08'!$I$4:$I$11)+SUMIF('04.08'!$J$4:$J$11,A27,'04.08'!$K$4:$K$11)+SUMIF('04.08'!$L$4:$L$11,A27,'04.08'!$M$4:$M$11)+SUMIF('04.08'!$N$4:$N$11,A27,'04.08'!$O$4:$O$11) -> 0 | L27: =SUMIF('05.08'!$B$4:$B$11,A27,'05.08'!$C$4:$C$11)+SUMIF('05.08'!$D$4:$D$11,A27,'05.08'!$E$4:$E$11)+SUMIF('05.08'!$F$4:$F$11,A27,'05.08'!$G$4:$G$11)+SUMIF('05.08'!$H$4:$H$11,A27,'05.08'!$I$4:$I$11)+SUMIF('05.08'!$J$4:$J$11,A27,'05.08'!$K$4:$K$11)+SUMIF('05.08'!$L$4:$L$11,A27,'05.08'!$M$4:$M$11)+SUMIF('05.08'!$N$4:$N$11,A27,'05.08'!$O$4:$O$11) -> 0 | M27: =SUMIF('06.08'!$B$4:$B$11,A27,'06.08'!$C$4:$C$11)+SUMIF('06.08'!$D$4:$D$11,A27,'06.08'!$E$4:$E$11)+SUMIF('06.08'!$F$4:$F$11,A27,'06.08'!$G$4:$G$11)+SUMIF('06.08'!$H$4:$H$11,A27,'06.08'!$I$4:$I$11)+SUMIF('06.08'!$J$4:$J$11,A27,'06.08'!$K$4:$K$11)+SUMIF('06.08'!$L$4:$L$11,A27,'06.08'!$M$4:$M$11)+SUMIF('06.08'!$N$4:$N$11,A27,'06.08'!$O$4:$O$11) -> 0 | N27: =SUMIF('07.08'!$B$4:$B$11,A27,'07.08'!$C$4:$C$11)+SUMIF('07.08'!$D$4:$D$11,A27,'07.08'!$E$4:$E$11)+SUMIF('07.08'!$F$4:$F$11,A27,'07.08'!$G$4:$G$11)+SUMIF('07.08'!$H$4:$H$11,A27,'07.08'!$I$4:$I$11)+SUMIF('07.08'!$J$4:$J$11,A27,'07.08'!$K$4:$K$11)+SUMIF('07.08'!$L$4:$L$11,A27,'07.08'!$M$4:$M$11)+SUMIF('07.08'!$N$4:$N$11,A27,'07.08'!$O$4:$O$11) -> 0 | O27: =SUMIF('08.08'!$B$4:$B$11,A27,'08.08'!$C$4:$C$11)+SUMIF('08.08'!$D$4:$D$11,A27,'08.08'!$E$4:$E$11)+SUMIF('08.08'!$F$4:$F$11,A27,'08.08'!$G$4:$G$11)+SUMIF('08.08'!$H$4:$H$11,A27,'08.08'!$I$4:$I$11)+SUMIF('08.08'!$J$4:$J$11,A27,'08.08'!$K$4:$K$11)+SUMIF('08.08'!$L$4:$L$11,A27,'08.08'!$M$4:$M$11)+SUMIF('08.08'!$N$4:$N$11,A27,'08.08'!$O$4:$O$11) -> 0 | P27: =SUMIF('09.08'!$B$4:$B$11,A27,'09.08'!$C$4:$C$11)+SUMIF('09.08'!$D$4:$D$11,A27,'09.08'!$E$4:$E$11)+SUMIF('09.08'!$F$4:$F$11,A27,'09.08'!$G$4:$G$11)+SUMIF('09.08'!$H$4:$H$11,A27,'09.08'!$I$4:$I$11)+SUMIF('09.08'!$J$4:$J$11,A27,'09.08'!$K$4:$K$11)+SUMIF('09.08'!$L$4:$L$11,A27,'09.08'!$M$4:$M$11)+SUMIF('09.08'!$N$4:$N$11,A27,'09.08'!$O$4:$O$11) -> 0 | Q27: =SUMIF('10.08'!$B$4:$B$11,A27,'10.08'!$C$4:$C$11)+SUMIF('10.08'!$D$4:$D$11,A27,'10.08'!$E$4:$E$11)+SUMIF('10.08'!$F$4:$F$11,A27,'10.08'!$G$4:$G$11)+SUMIF('10.08'!$H$4:$H$11,A27,'10.08'!$I$4:$I$11)+SUMIF('10.08'!$J$4:$J$11,A27,'10.08'!$K$4:$K$11)+SUMIF('10.08'!$L$4:$L$11,A27,'10.08'!$M$4:$M$11)+SUMIF('10.08'!$N$4:$N$11,A27,'10.08'!$O$4:$O$11) -> 0 | R27: =SUMIF('11.08'!$B$4:$B$11,A27,'11.08'!$C$4:$C$11)+SUMIF('11.08'!$D$4:$D$11,A27,'11.08'!$E$4:$E$11)+SUMIF('11.08'!$F$4:$F$11,A27,'11.08'!$G$4:$G$11)+SUMIF('11.08'!$H$4:$H$11,A27,'11.08'!$I$4:$I$11)+SUMIF('11.08'!$J$4:$J$11,A27,'11.08'!$K$4:$K$11)+SUMIF('11.08'!$L$4:$L$11,A27,'11.08'!$M$4:$M$11)+SUMIF('11.08'!$N$4:$N$11,A27,'11.08'!$O$4:$O$11) -> #N/A
A28: ='список продуктов'!A35 -> Огурцы | B28: ='список продуктов'!B35 -> кг | C28: ='список продуктов'!C35 -> 1000 | D28: ='список продуктов'!D35 | E28: ='список продуктов'!E35 -> Краткосрочный | F28: =SUM(I28:R28) -> #N/A | G28: =IFERROR(CEILING(F28/C28,1),"Введите занчения") -> Введите занчения | H28: =IFERROR(G28*D28,"Введите занчения") -> Введите занчения | I28: =SUMIF('02.08'!$B$4:$B$11,A28,'02.08'!$C$4:$C$11)+SUMIF('02.08'!$D$4:$D$11,A28,'02.08'!$E$4:$E$11)+SUMIF('02.08'!$F$4:$F$11,A28,'02.08'!$G$4:$G$11)+SUMIF('02.08'!$H$4:$H$11,A28,'02.08'!$I$4:$I$11)+SUMIF('02.08'!$J$4:$J$11,A28,'02.08'!$K$4:$K$11)+SUMIF('02.08'!$L$4:$L$11,A28,'02.08'!$M$4:$M$11)+SUMIF('02.08'!$N$4:$N$11,A28,'02.08'!$O$4:$O$11) -> 0 | J28: =SUMIF('03.08'!$B$4:$B$11,A28,'03.08'!$C$4:$C$11)+SUMIF('03.08'!$D$4:$D$11,A28,'03.08'!$E$4:$E$11)+SUMIF('03.08'!$F$4:$F$11,A28,'03.08'!$G$4:$G$11)+SUMIF('03.08'!$H$4:$H$11,A28,'03.08'!$I$4:$I$11)+SUMIF('03.08'!$J$4:$J$11,A28,'03.08'!$K$4:$K$11)+SUMIF('03.08'!$L$4:$L$11,A28,'03.08'!$M$4:$M$11)+SUMIF('03.08'!$N$4:$N$11,A28,'03.08'!$O$4:$O$11) -> 0 | K28: =SUMIF('04.08'!$B$4:$B$11,A28,'04.08'!$C$4:$C$11)+SUMIF('04.08'!$D$4:$D$11,A28,'04.08'!$E$4:$E$11)+SUMIF('04.08'!$F$4:$F$11,A28,'04.08'!$G$4:$G$11)+SUMIF('04.08'!$H$4:$H$11,A28,'04.08'!$I$4:$I$11)+SUMIF('04.08'!$J$4:$J$11,A28,'04.08'!$K$4:$K$11)+SUMIF('04.08'!$L$4:$L$11,A28,'04.08'!$M$4:$M$11)+SUMIF('04.08'!$N$4:$N$11,A28,'04.08'!$O$4:$O$11) -> 0 | L28: =SUMIF('05.08'!$B$4:$B$11,A28,'05.08'!$C$4:$C$11)+SUMIF('05.08'!$D$4:$D$11,A28,'05.08'!$E$4:$E$11)+SUMIF('05.08'!$F$4:$F$11,A28,'05.08'!$G$4:$G$11)+SUMIF('05.08'!$H$4:$H$11,A28,'05.08'!$I$4:$I$11)+SUMIF('05.08'!$J$4:$J$11,A28,'05.08'!$K$4:$K$11)+SUMIF('05.08'!$L$4:$L$11,A28,'05.08'!$M$4:$M$11)+SUMIF('05.08'!$N$4:$N$11,A28,'05.08'!$O$4:$O$11) -> 0 | M28: =SUMIF('06.08'!$B$4:$B$11,A28,'06.08'!$C$4:$C$11)+SUMIF('06.08'!$D$4:$D$11,A28,'06.08'!$E$4:$E$11)+SUMIF('06.08'!$F$4:$F$11,A28,'06.08'!$G$4:$G$11)+SUMIF('06.08'!$H$4:$H$11,A28,'06.08'!$I$4:$I$11)+SUMIF('06.08'!$J$4:$J$11,A28,'06.08'!$K$4:$K$11)+SUMIF('06.08'!$L$4:$L$11,A28,'06.08'!$M$4:$M$11)+SUMIF('06.08'!$N$4:$N$11,A28,'06.08'!$O$4:$O$11) -> 0 | N28: =SUMIF('07.08'!$B$4:$B$11,A28,'07.08'!$C$4:$C$11)+SUMIF('07.08'!$D$4:$D$11,A28,'07.08'!$E$4:$E$11)+SUMIF('07.08'!$F$4:$F$11,A28,'07.08'!$G$4:$G$11)+SUMIF('07.08'!$H$4:$H$11,A28,'07.08'!$I$4:$I$11)+SUMIF('07.08'!$J$4:$J$11,A28,'07.08'!$K$4:$K$11)+SUMIF('07.08'!$L$4:$L$11,A28,'07.08'!$M$4:$M$11)+SUMIF('07.08'!$N$4:$N$11,A28,'07.08'!$O$4:$O$11) -> 0 | O28: =SUMIF('08.08'!$B$4:$B$11,A28,'08.08'!$C$4:$C$11)+SUMIF('08.08'!$D$4:$D$11,A28,'08.08'!$E$4:$E$11)+SUMIF('08.08'!$F$4:$F$11,A28,'08.08'!$G$4:$G$11)+SUMIF('08.08'!$H$4:$H$11,A28,'08.08'!$I$4:$I$11)+SUMIF('08.08'!$J$4:$J$11,A28,'08.08'!$K$4:$K$11)+SUMIF('08.08'!$L$4:$L$11,A28,'08.08'!$M$4:$M$11)+SUMIF('08.08'!$N$4:$N$11,A28,'08.08'!$O$4:$O$11) -> 0 | P28: =SUMIF('09.08'!$B$4:$B$11,A28,'09.08'!$C$4:$C$11)+SUMIF('09.08'!$D$4:$D$11,A28,'09.08'!$E$4:$E$11)+SUMIF('09.08'!$F$4:$F$11,A28,'09.08'!$G$4:$G$11)+SUMIF('09.08'!$H$4:$H$11,A28,'09.08'!$I$4:$I$11)+SUMIF('09.08'!$J$4:$J$11,A28,'09.08'!$K$4:$K$11)+SUMIF('09.08'!$L$4:$L$11,A28,'09.08'!$M$4:$M$11)+SUMIF('09.08'!$N$4:$N$11,A28,'09.08'!$O$4:$O$11) -> 0 | Q28: =SUMIF('10.08'!$B$4:$B$11,A28,'10.08'!$C$4:$C$11)+SUMIF('10.08'!$D$4:$D$11,A28,'10.08'!$E$4:$E$11)+SUMIF('10.08'!$F$4:$F$11,A28,'10.08'!$G$4:$G$11)+SUMIF('10.08'!$H$4:$H$11,A28,'10.08'!$I$4:$I$11)+SUMIF('10.08'!$J$4:$J$11,A28,'10.08'!$K$4:$K$11)+SUMIF('10.08'!$L$4:$L$11,A28,'10.08'!$M$4:$M$11)+SUMIF('10.08'!$N$4:$N$11,A28,'10.08'!$O$4:$O$11) -> 0 | R28: =SUMIF('11.08'!$B$4:$B$11,A28,'11.08'!$C$4:$C$11)+SUMIF('11.08'!$D$4:$D$11,A28,'11.08'!$E$4:$E$11)+SUMIF('11.08'!$F$4:$F$11,A28,'11.08'!$G$4:$G$11)+SUMIF('11.08'!$H$4:$H$11,A28,'11.08'!$I$4:$I$11)+SUMIF('11.08'!$J$4:$J$11,A28,'11.08'!$K$4:$K$11)+SUMIF('11.08'!$L$4:$L$11,A28,'11.08'!$M$4:$M$11)+SUMIF('11.08'!$N$4:$N$11,A28,'11.08'!$O$4:$O$11) -> #N/A
A29: ='список продуктов'!A36 -> Охотничьи сосиски | B29: ='список продуктов'!B36 -> пачка | C29: ='список продуктов'!C36 | D29: ='список продуктов'!D36 | E29: ='список продуктов'!E36 -> Краткосрочный | F29: =SUM(I29:R29) -> #N/A | G29: =IFERROR(CEILING(F29/C29,1),"Введите занчения") -> Введите занчения | H29: =IFERROR(G29*D29,"Введите занчения") -> Введите занчения | I29: =SUMIF('02.08'!$B$4:$B$11,A29,'02.08'!$C$4:$C$11)+SUMIF('02.08'!$D$4:$D$11,A29,'02.08'!$E$4:$E$11)+SUMIF('02.08'!$F$4:$F$11,A29,'02.08'!$G$4:$G$11)+SUMIF('02.08'!$H$4:$H$11,A29,'02.08'!$I$4:$I$11)+SUMIF('02.08'!$J$4:$J$11,A29,'02.08'!$K$4:$K$11)+SUMIF('02.08'!$L$4:$L$11,A29,'02.08'!$M$4:$M$11)+SUMIF('02.08'!$N$4:$N$11,A29,'02.08'!$O$4:$O$11) -> 0 | J29: =SUMIF('03.08'!$B$4:$B$11,A29,'03.08'!$C$4:$C$11)+SUMIF('03.08'!$D$4:$D$11,A29,'03.08'!$E$4:$E$11)+SUMIF('03.08'!$F$4:$F$11,A29,'03.08'!$G$4:$G$11)+SUMIF('03.08'!$H$4:$H$11,A29,'03.08'!$I$4:$I$11)+SUMIF('03.08'!$J$4:$J$11,A29,'03.08'!$K$4:$K$11)+SUMIF('03.08'!$L$4:$L$11,A29,'03.08'!$M$4:$M$11)+SUMIF('03.08'!$N$4:$N$11,A29,'03.08'!$O$4:$O$11) -> 0 | K29: =SUMIF('04.08'!$B$4:$B$11,A29,'04.08'!$C$4:$C$11)+SUMIF('04.08'!$D$4:$D$11,A29,'04.08'!$E$4:$E$11)+SUMIF('04.08'!$F$4:$F$11,A29,'04.08'!$G$4:$G$11)+SUMIF('04.08'!$H$4:$H$11,A29,'04.08'!$I$4:$I$11)+SUMIF('04.08'!$J$4:$J$11,A29,'04.08'!$K$4:$K$11)+SUMIF('04.08'!$L$4:$L$11,A29,'04.08'!$M$4:$M$11)+SUMIF('04.08'!$N$4:$N$11,A29,'04.08'!$O$4:$O$11) -> 0 | L29: =SUMIF('05.08'!$B$4:$B$11,A29,'05.08'!$C$4:$C$11)+SUMIF('05.08'!$D$4:$D$11,A29,'05.08'!$E$4:$E$11)+SUMIF('05.08'!$F$4:$F$11,A29,'05.08'!$G$4:$G$11)+SUMIF('05.08'!$H$4:$H$11,A29,'05.08'!$I$4:$I$11)+SUMIF('05.08'!$J$4:$J$11,A29,'05.08'!$K$4:$K$11)+SUMIF('05.08'!$L$4:$L$11,A29,'05.08'!$M$4:$M$11)+SUMIF('05.08'!$N$4:$N$11,A29,'05.08'!$O$4:$O$11) -> 0 | M29: =SUMIF('06.08'!$B$4:$B$11,A29,'06.08'!$C$4:$C$11)+SUMIF('06.08'!$D$4:$D$11,A29,'06.08'!$E$4:$E$11)+SUMIF('06.08'!$F$4:$F$11,A29,'06.08'!$G$4:$G$11)+SUMIF('06.08'!$H$4:$H$11,A29,'06.08'!$I$4:$I$11)+SUMIF('06.08'!$J$4:$J$11,A29,'06.08'!$K$4:$K$11)+SUMIF('06.08'!$L$4:$L$11,A29,'06.08'!$M$4:$M$11)+SUMIF('06.08'!$N$4:$N$11,A29,'06.08'!$O$4:$O$11) -> 0 | N29: =SUMIF('07.08'!$B$4:$B$11,A29,'07.08'!$C$4:$C$11)+SUMIF('07.08'!$D$4:$D$11,A29,'07.08'!$E$4:$E$11)+SUMIF('07.08'!$F$4:$F$11,A29,'07.08'!$G$4:$G$11)+SUMIF('07.08'!$H$4:$H$11,A29,'07.08'!$I$4:$I$11)+SUMIF('07.08'!$J$4:$J$11,A29,'07.08'!$K$4:$K$11)+SUMIF('07.08'!$L$4:$L$11,A29,'07.08'!$M$4:$M$11)+SUMIF('07.08'!$N$4:$N$11,A29,'07.08'!$O$4:$O$11) -> 0 | O29: =SUMIF('08.08'!$B$4:$B$11,A29,'08.08'!$C$4:$C$11)+SUMIF('08.08'!$D$4:$D$11,A29,'08.08'!$E$4:$E$11)+SUMIF('08.08'!$F$4:$F$11,A29,'08.08'!$G$4:$G$11)+SUMIF('08.08'!$H$4:$H$11,A29,'08.08'!$I$4:$I$11)+SUMIF('08.08'!$J$4:$J$11,A29,'08.08'!$K$4:$K$11)+SUMIF('08.08'!$L$4:$L$11,A29,'08.08'!$M$4:$M$11)+SUMIF('08.08'!$N$4:$N$11,A29,'08.08'!$O$4:$O$11) -> 0 | P29: =SUMIF('09.08'!$B$4:$B$11,A29,'09.08'!$C$4:$C$11)+SUMIF('09.08'!$D$4:$D$11,A29,'09.08'!$E$4:$E$11)+SUMIF('09.08'!$F$4:$F$11,A29,'09.08'!$G$4:$G$11)+SUMIF('09.08'!$H$4:$H$11,A29,'09.08'!$I$4:$I$11)+SUMIF('09.08'!$J$4:$J$11,A29,'09.08'!$K$4:$K$11)+SUMIF('09.08'!$L$4:$L$11,A29,'09.08'!$M$4:$M$11)+SUMIF('09.08'!$N$4:$N$11,A29,'09.08'!$O$4:$O$11) -> 0 | Q29: =SUMIF('10.08'!$B$4:$B$11,A29,'10.08'!$C$4:$C$11)+SUMIF('10.08'!$D$4:$D$11,A29,'10.08'!$E$4:$E$11)+SUMIF('10.08'!$F$4:$F$11,A29,'10.08'!$G$4:$G$11)+SUMIF('10.08'!$H$4:$H$11,A29,'10.08'!$I$4:$I$11)+SUMIF('10.08'!$J$4:$J$11,A29,'10.08'!$K$4:$K$11)+SUMIF('10.08'!$L$4:$L$11,A29,'10.08'!$M$4:$M$11)+SUMIF('10.08'!$N$4:$N$11,A29,'10.08'!$O$4:$O$11) -> 0 | R29: =SUMIF('11.08'!$B$4:$B$11,A29,'11.08'!$C$4:$C$11)+SUMIF('11.08'!$D$4:$D$11,A29,'11.08'!$E$4:$E$11)+SUMIF('11.08'!$F$4:$F$11,A29,'11.08'!$G$4:$G$11)+SUMIF('11.08'!$H$4:$H$11,A29,'11.08'!$I$4:$I$11)+SUMIF('11.08'!$J$4:$J$11,A29,'11.08'!$K$4:$K$11)+SUMIF('11.08'!$L$4:$L$11,A29,'11.08'!$M$4:$M$11)+SUMIF('11.08'!$N$4:$N$11,A29,'11.08'!$O$4:$O$11) -> #N/A
A30: ='список продуктов'!A37 -> паприка | B30: ='список продуктов'!B37 -> пачка | C30: ='список продуктов'!C37 | D30: ='список продуктов'!D37 | E30: ='список продуктов'!E37 -> Долгосрочный | F30: =SUM(I30:R30) -> #N/A | G30: =IFERROR(CEILING(F30/C30,1),"Введите занчения") -> Введите занчения | H30: =IFERROR(G30*D30,"Введите занчения") -> Введите занчения | I30: =SUMIF('02.08'!$B$4:$B$11,A30,'02.08'!$C$4:$C$11)+SUMIF('02.08'!$D$4:$D$11,A30,'02.08'!$E$4:$E$11)+SUMIF('02.08'!$F$4:$F$11,A30,'02.08'!$G$4:$G$11)+SUMIF('02.08'!$H$4:$H$11,A30,'02.08'!$I$4:$I$11)+SUMIF('02.08'!$J$4:$J$11,A30,'02.08'!$K$4:$K$11)+SUMIF('02.08'!$L$4:$L$11,A30,'02.08'!$M$4:$M$11)+SUMIF('02.08'!$N$4:$N$11,A30,'02.08'!$O$4:$O$11) -> 0 | J30: =SUMIF('03.08'!$B$4:$B$11,A30,'03.08'!$C$4:$C$11)+SUMIF('03.08'!$D$4:$D$11,A30,'03.08'!$E$4:$E$11)+SUMIF('03.08'!$F$4:$F$11,A30,'03.08'!$G$4:$G$11)+SUMIF('03.08'!$H$4:$H$11,A30,'03.08'!$I$4:$I$11)+SUMIF('03.08'!$J$4:$J$11,A30,'03.08'!$K$4:$K$11)+SUMIF('03.08'!$L$4:$L$11,A30,'03.08'!$M$4:$M$11)+SUMIF('03.08'!$N$4:$N$11,A30,'03.08'!$O$4:$O$11) -> 0 | K30: =SUMIF('04.08'!$B$4:$B$11,A30,'04.08'!$C$4:$C$11)+SUMIF('04.08'!$D$4:$D$11,A30,'04.08'!$E$4:$E$11)+SUMIF('04.08'!$F$4:$F$11,A30,'04.08'!$G$4:$G$11)+SUMIF('04.08'!$H$4:$H$11,A30,'04.08'!$I$4:$I$11)+SUMIF('04.08'!$J$4:$J$11,A30,'04.08'!$K$4:$K$11)+SUMIF('04.08'!$L$4:$L$11,A30,'04.08'!$M$4:$M$11)+SUMIF('04.08'!$N$4:$N$11,A30,'04.08'!$O$4:$O$11) -> 0 | L30: =SUMIF('05.08'!$B$4:$B$11,A30,'05.08'!$C$4:$C$11)+SUMIF('05.08'!$D$4:$D$11,A30,'05.08'!$E$4:$E$11)+SUMIF('05.08'!$F$4:$F$11,A30,'05.08'!$G$4:$G$11)+SUMIF('05.08'!$H$4:$H$11,A30,'05.08'!$I$4:$I$11)+SUMIF('05.08'!$J$4:$J$11,A30,'05.08'!$K$4:$K$11)+SUMIF('05.08'!$L$4:$L$11,A30,'05.08'!$M$4:$M$11)+SUMIF('05.08'!$N$4:$N$11,A30,'05.08'!$O$4:$O$11) -> 0 | M30: =SUMIF('06.08'!$B$4:$B$11,A30,'06.08'!$C$4:$C$11)+SUMIF('06.08'!$D$4:$D$11,A30,'06.08'!$E$4:$E$11)+SUMIF('06.08'!$F$4:$F$11,A30,'06.08'!$G$4:$G$11)+SUMIF('06.08'!$H$4:$H$11,A30,'06.08'!$I$4:$I$11)+SUMIF('06.08'!$J$4:$J$11,A30,'06.08'!$K$4:$K$11)+SUMIF('06.08'!$L$4:$L$11,A30,'06.08'!$M$4:$M$11)+SUMIF('06.08'!$N$4:$N$11,A30,'06.08'!$O$4:$O$11) -> 0 | N30: =SUMIF('07.08'!$B$4:$B$11,A30,'07.08'!$C$4:$C$11)+SUMIF('07.08'!$D$4:$D$11,A30,'07.08'!$E$4:$E$11)+SUMIF('07.08'!$F$4:$F$11,A30,'07.08'!$G$4:$G$11)+SUMIF('07.08'!$H$4:$H$11,A30,'07.08'!$I$4:$I$11)+SUMIF('07.08'!$J$4:$J$11,A30,'07.08'!$K$4:$K$11)+SUMIF('07.08'!$L$4:$L$11,A30,'07.08'!$M$4:$M$11)+SUMIF('07.08'!$N$4:$N$11,A30,'07.08'!$O$4:$O$11) -> 0 | O30: =SUMIF('08.08'!$B$4:$B$11,A30,'08.08'!$C$4:$C$11)+SUMIF('08.08'!$D$4:$D$11,A30,'08.08'!$E$4:$E$11)+SUMIF('08.08'!$F$4:$F$11,A30,'08.08'!$G$4:$G$11)+SUMIF('08.08'!$H$4:$H$11,A30,'08.08'!$I$4:$I$11)+SUMIF('08.08'!$J$4:$J$11,A30,'08.08'!$K$4:$K$11)+SUMIF('08.08'!$L$4:$L$11,A30,'08.08'!$M$4:$M$11)+SUMIF('08.08'!$N$4:$N$11,A30,'08.08'!$O$4:$O$11) -> 0 | P30: =SUMIF('09.08'!$B$4:$B$11,A30,'09.08'!$C$4:$C$11)+SUMIF('09.08'!$D$4:$D$11,A30,'09.08'!$E$4:$E$11)+SUMIF('09.08'!$F$4:$F$11,A30,'09.08'!$G$4:$G$11)+SUMIF('09.08'!$H$4:$H$11,A30,'09.08'!$I$4:$I$11)+SUMIF('09.08'!$J$4:$J$11,A30,'09.08'!$K$4:$K$11)+SUMIF('09.08'!$L$4:$L$11,A30,'09.08'!$M$4:$M$11)+SUMIF('09.08'!$N$4:$N$11,A30,'09.08'!$O$4:$O$11) -> 0 | Q30: =SUMIF('10.08'!$B$4:$B$11,A30,'10.08'!$C$4:$C$11)+SUMIF('10.08'!$D$4:$D$11,A30,'10.08'!$E$4:$E$11)+SUMIF('10.08'!$F$4:$F$11,A30,'10.08'!$G$4:$G$11)+SUMIF('10.08'!$H$4:$H$11,A30,'10.08'!$I$4:$I$11)+SUMIF('10.08'!$J$4:$J$11,A30,'10.08'!$K$4:$K$11)+SUMIF('10.08'!$L$4:$L$11,A30,'10.08'!$M$4:$M$11)+SUMIF('10.08'!$N$4:$N$11,A30,'10.08'!$O$4:$O$11) -> 0 | R30: =SUMIF('11.08'!$B$4:$B$11,A30,'11.08'!$C$4:$C$11)+SUMIF('11.08'!$D$4:$D$11,A30,'11.08'!$E$4:$E$11)+SUMIF('11.08'!$F$4:$F$11,A30,'11.08'!$G$4:$G$11)+SUMIF('11.08'!$H$4:$H$11,A30,'11.08'!$I$4:$I$11)+SUMIF('11.08'!$J$4:$J$11,A30,'11.08'!$K$4:$K$11)+SUMIF('11.08'!$L$4:$L$11,A30,'11.08'!$M$4:$M$11)+SUMIF('11.08'!$N$4:$N$11,A30,'11.08'!$O$4:$O$11) -> #N/A
A31: ='список продуктов'!A39 -> Помидоры | B31: ='список продуктов'!B39 -> кг | C31: ='список продуктов'!C39 -> 1000 | D31: ='список продуктов'!D39 | E31: ='список продуктов'!E39 -> Краткосрочный | F31: =SUM(I31:R31) -> #N/A | G31: =IFERROR(CEILING(F31/C31,1),"Введите занчения") -> Введите занчения | H31: =IFERROR(G31*D31,"Введите занчения") -> Введите занчения | I31: =SUMIF('02.08'!$B$4:$B$11,A31,'02.08'!$C$4:$C$11)+SUMIF('02.08'!$D$4:$D$11,A31,'02.08'!$E$4:$E$11)+SUMIF('02.08'!$F$4:$F$11,A31,'02.08'!$G$4:$G$11)+SUMIF('02.08'!$H$4:$H$11,A31,'02.08'!$I$4:$I$11)+SUMIF('02.08'!$J$4:$J$11,A31,'02.08'!$K$4:$K$11)+SUMIF('02.08'!$L$4:$L$11,A31,'02.08'!$M$4:$M$11)+SUMIF('02.08'!$N$4:$N$11,A31,'02.08'!$O$4:$O$11) -> 0 | J31: =SUMIF('03.08'!$B$4:$B$11,A31,'03.08'!$C$4:$C$11)+SUMIF('03.08'!$D$4:$D$11,A31,'03.08'!$E$4:$E$11)+SUMIF('03.08'!$F$4:$F$11,A31,'03.08'!$G$4:$G$11)+SUMIF('03.08'!$H$4:$H$11,A31,'03.08'!$I$4:$I$11)+SUMIF('03.08'!$J$4:$J$11,A31,'03.08'!$K$4:$K$11)+SUMIF('03.08'!$L$4:$L$11,A31,'03.08'!$M$4:$M$11)+SUMIF('03.08'!$N$4:$N$11,A31,'03.08'!$O$4:$O$11) -> 0 | K31: =SUMIF('04.08'!$B$4:$B$11,A31,'04.08'!$C$4:$C$11)+SUMIF('04.08'!$D$4:$D$11,A31,'04.08'!$E$4:$E$11)+SUMIF('04.08'!$F$4:$F$11,A31,'04.08'!$G$4:$G$11)+SUMIF('04.08'!$H$4:$H$11,A31,'04.08'!$I$4:$I$11)+SUMIF('04.08'!$J$4:$J$11,A31,'04.08'!$K$4:$K$11)+SUMIF('04.08'!$L$4:$L$11,A31,'04.08'!$M$4:$M$11)+SUMIF('04.08'!$N$4:$N$11,A31,'04.08'!$O$4:$O$11) -> 0 | L31: =SUMIF('05.08'!$B$4:$B$11,A31,'05.08'!$C$4:$C$11)+SUMIF('05.08'!$D$4:$D$11,A31,'05.08'!$E$4:$E$11)+SUMIF('05.08'!$F$4:$F$11,A31,'05.08'!$G$4:$G$11)+SUMIF('05.08'!$H$4:$H$11,A31,'05.08'!$I$4:$I$11)+SUMIF('05.08'!$J$4:$J$11,A31,'05.08'!$K$4:$K$11)+SUMIF('05.08'!$L$4:$L$11,A31,'05.08'!$M$4:$M$11)+SUMIF('05.08'!$N$4:$N$11,A31,'05.08'!$O$4:$O$11) -> 0 | M31: =SUMIF('06.08'!$B$4:$B$11,A31,'06.08'!$C$4:$C$11)+SUMIF('06.08'!$D$4:$D$11,A31,'06.08'!$E$4:$E$11)+SUMIF('06.08'!$F$4:$F$11,A31,'06.08'!$G$4:$G$11)+SUMIF('06.08'!$H$4:$H$11,A31,'06.08'!$I$4:$I$11)+SUMIF('06.08'!$J$4:$J$11,A31,'06.08'!$K$4:$K$11)+SUMIF('06.08'!$L$4:$L$11,A31,'06.08'!$M$4:$M$11)+SUMIF('06.08'!$N$4:$N$11,A31,'06.08'!$O$4:$O$11) -> 0 | N31: =SUMIF('07.08'!$B$4:$B$11,A31,'07.08'!$C$4:$C$11)+SUMIF('07.08'!$D$4:$D$11,A31,'07.08'!$E$4:$E$11)+SUMIF('07.08'!$F$4:$F$11,A31,'07.08'!$G$4:$G$11)+SUMIF('07.08'!$H$4:$H$11,A31,'07.08'!$I$4:$I$11)+SUMIF('07.08'!$J$4:$J$11,A31,'07.08'!$K$4:$K$11)+SUMIF('07.08'!$L$4:$L$11,A31,'07.08'!$M$4:$M$11)+SUMIF('07.08'!$N$4:$N$11,A31,'07.08'!$O$4:$O$11) -> 0 | O31: =SUMIF('08.08'!$B$4:$B$11,A31,'08.08'!$C$4:$C$11)+SUMIF('08.08'!$D$4:$D$11,A31,'08.08'!$E$4:$E$11)+SUMIF('08.08'!$F$4:$F$11,A31,'08.08'!$G$4:$G$11)+SUMIF('08.08'!$H$4:$H$11,A31,'08.08'!$I$4:$I$11)+SUMIF('08.08'!$J$4:$J$11,A31,'08.08'!$K$4:$K$11)+SUMIF('08.08'!$L$4:$L$11,A31,'08.08'!$M$4:$M$11)+SUMIF('08.08'!$N$4:$N$11,A31,'08.08'!$O$4:$O$11) -> 0 | P31: =SUMIF('09.08'!$B$4:$B$11,A31,'09.08'!$C$4:$C$11)+SUMIF('09.08'!$D$4:$D$11,A31,'09.08'!$E$4:$E$11)+SUMIF('09.08'!$F$4:$F$11,A31,'09.08'!$G$4:$G$11)+SUMIF('09.08'!$H$4:$H$11,A31,'09.08'!$I$4:$I$11)+SUMIF('09.08'!$J$4:$J$11,A31,'09.08'!$K$4:$K$11)+SUMIF('09.08'!$L$4:$L$11,A31,'09.08'!$M$4:$M$11)+SUMIF('09.08'!$N$4:$N$11,A31,'09.08'!$O$4:$O$11) -> 0 | Q31: =SUMIF('10.08'!$B$4:$B$11,A31,'10.08'!$C$4:$C$11)+SUMIF('10.08'!$D$4:$D$11,A31,'10.08'!$E$4:$E$11)+SUMIF('10.08'!$F$4:$F$11,A31,'10.08'!$G$4:$G$11)+SUMIF('10.08'!$H$4:$H$11,A31,'10.08'!$I$4:$I$11)+SUMIF('10.08'!$J$4:$J$11,A31,'10.08'!$K$4:$K$11)+SUMIF('10.08'!$L$4:$L$11,A31,'10.08'!$M$4:$M$11)+SUMIF('10.08'!$N$4:$N$11,A31,'10.08'!$O$4:$O$11) -> 0 | R31: =SUMIF('11.08'!$B$4:$B$11,A31,'11.08'!$C$4:$C$11)+SUMIF('11.08'!$D$4:$D$11,A31,'11.08'!$E$4:$E$11)+SUMIF('11.08'!$F$4:$F$11,A31,'11.08'!$G$4:$G$11)+SUMIF('11.08'!$H$4:$H$11,A31,'11.08'!$I$4:$I$11)+SUMIF('11.08'!$J$4:$J$11,A31,'11.08'!$K$4:$K$11)+SUMIF('11.08'!$L$4:$L$11,A31,'11.08'!$M$4:$M$11)+SUMIF('11.08'!$N$4:$N$11,A31,'11.08'!$O$4:$O$11) -> #N/A
A32: ='список продуктов'!A40 -> Приправа для плова | B32: ='список продуктов'!B40 -> пачка | C32: ='список продуктов'!C40 | D32: ='список продуктов'!D40 | E32: ='список продуктов'!E40 -> Долгосрочный | F32: =SUM(I32:R32) -> #N/A | G32: =IFERROR(CEILING(F32/C32,1),"Введите занчения") -> Введите занчения | H32: =IFERROR(G32*D32,"Введите занчения") -> Введите занчения | I32: =SUMIF('02.08'!$B$4:$B$11,A32,'02.08'!$C$4:$C$11)+SUMIF('02.08'!$D$4:$D$11,A32,'02.08'!$E$4:$E$11)+SUMIF('02.08'!$F$4:$F$11,A32,'02.08'!$G$4:$G$11)+SUMIF('02.08'!$H$4:$H$11,A32,'02.08'!$I$4:$I$11)+SUMIF('02.08'!$J$4:$J$11,A32,'02.08'!$K$4:$K$11)+SUMIF('02.08'!$L$4:$L$11,A32,'02.08'!$M$4:$M$11)+SUMIF('02.08'!$N$4:$N$11,A32,'02.08'!$O$4:$O$11) -> 0 | J32: =SUMIF('03.08'!$B$4:$B$11,A32,'03.08'!$C$4:$C$11)+SUMIF('03.08'!$D$4:$D$11,A32,'03.08'!$E$4:$E$11)+SUMIF('03.08'!$F$4:$F$11,A32,'03.08'!$G$4:$G$11)+SUMIF('03.08'!$H$4:$H$11,A32,'03.08'!$I$4:$I$11)+SUMIF('03.08'!$J$4:$J$11,A32,'03.08'!$K$4:$K$11)+SUMIF('03.08'!$L$4:$L$11,A32,'03.08'!$M$4:$M$11)+SUMIF('03.08'!$N$4:$N$11,A32,'03.08'!$O$4:$O$11) -> 0 | K32: =SUMIF('04.08'!$B$4:$B$11,A32,'04.08'!$C$4:$C$11)+SUMIF('04.08'!$D$4:$D$11,A32,'04.08'!$E$4:$E$11)+SUMIF('04.08'!$F$4:$F$11,A32,'04.08'!$G$4:$G$11)+SUMIF('04.08'!$H$4:$H$11,A32,'04.08'!$I$4:$I$11)+SUMIF('04.08'!$J$4:$J$11,A32,'04.08'!$K$4:$K$11)+SUMIF('04.08'!$L$4:$L$11,A32,'04.08'!$M$4:$M$11)+SUMIF('04.08'!$N$4:$N$11,A32,'04.08'!$O$4:$O$11) -> 0 | L32: =SUMIF('05.08'!$B$4:$B$11,A32,'05.08'!$C$4:$C$11)+SUMIF('05.08'!$D$4:$D$11,A32,'05.08'!$E$4:$E$11)+SUMIF('05.08'!$F$4:$F$11,A32,'05.08'!$G$4:$G$11)+SUMIF('05.08'!$H$4:$H$11,A32,'05.08'!$I$4:$I$11)+SUMIF('05.08'!$J$4:$J$11,A32,'05.08'!$K$4:$K$11)+SUMIF('05.08'!$L$4:$L$11,A32,'05.08'!$M$4:$M$11)+SUMIF('05.08'!$N$4:$N$11,A32,'05.08'!$O$4:$O$11) -> 0 | M32: =SUMIF('06.08'!$B$4:$B$11,A32,'06.08'!$C$4:$C$11)+SUMIF('06.08'!$D$4:$D$11,A32,'06.08'!$E$4:$E$11)+SUMIF('06.08'!$F$4:$F$11,A32,'06.08'!$G$4:$G$11)+SUMIF('06.08'!$H$4:$H$11,A32,'06.08'!$I$4:$I$11)+SUMIF('06.08'!$J$4:$J$11,A32,'06.08'!$K$4:$K$11)+SUMIF('06.08'!$L$4:$L$11,A32,'06.08'!$M$4:$M$11)+SUMIF('06.08'!$N$4:$N$11,A32,'06.08'!$O$4:$O$11) -> 0 | N32: =SUMIF('07.08'!$B$4:$B$11,A32,'07.08'!$C$4:$C$11)+SUMIF('07.08'!$D$4:$D$11,A32,'07.08'!$E$4:$E$11)+SUMIF('07.08'!$F$4:$F$11,A32,'07.08'!$G$4:$G$11)+SUMIF('07.08'!$H$4:$H$11,A32,'07.08'!$I$4:$I$11)+SUMIF('07.08'!$J$4:$J$11,A32,'07.08'!$K$4:$K$11)+SUMIF('07.08'!$L$4:$L$11,A32,'07.08'!$M$4:$M$11)+SUMIF('07.08'!$N$4:$N$11,A32,'07.08'!$O$4:$O$11) -> 0 | O32: =SUMIF('08.08'!$B$4:$B$11,A32,'08.08'!$C$4:$C$11)+SUMIF('08.08'!$D$4:$D$11,A32,'08.08'!$E$4:$E$11)+SUMIF('08.08'!$F$4:$F$11,A32,'08.08'!$G$4:$G$11)+SUMIF('08.08'!$H$4:$H$11,A32,'08.08'!$I$4:$I$11)+SUMIF('08.08'!$J$4:$J$11,A32,'08.08'!$K$4:$K$11)+SUMIF('08.08'!$L$4:$L$11,A32,'08.08'!$M$4:$M$11)+SUMIF('08.08'!$N$4:$N$11,A32,'08.08'!$O$4:$O$11) -> 0 | P32: =SUMIF('09.08'!$B$4:$B$11,A32,'09.08'!$C$4:$C$11)+SUMIF('09.08'!$D$4:$D$11,A32,'09.08'!$E$4:$E$11)+SUMIF('09.08'!$F$4:$F$11,A32,'09.08'!$G$4:$G$11)+SUMIF('09.08'!$H$4:$H$11,A32,'09.08'!$I$4:$I$11)+SUMIF('09.08'!$J$4:$J$11,A32,'09.08'!$K$4:$K$11)+SUMIF('09.08'!$L$4:$L$11,A32,'09.08'!$M$4:$M$11)+SUMIF('09.08'!$N$4:$N$11,A32,'09.08'!$O$4:$O$11) -> 0 | Q32: =SUMIF('10.08'!$B$4:$B$11,A32,'10.08'!$C$4:$C$11)+SUMIF('10.08'!$D$4:$D$11,A32,'10.08'!$E$4:$E$11)+SUMIF('10.08'!$F$4:$F$11,A32,'10.08'!$G$4:$G$11)+SUMIF('10.08'!$H$4:$H$11,A32,'10.08'!$I$4:$I$11)+SUMIF('10.08'!$J$4:$J$11,A32,'10.08'!$K$4:$K$11)+SUMIF('10.08'!$L$4:$L$11,A32,'10.08'!$M$4:$M$11)+SUMIF('10.08'!$N$4:$N$11,A32,'10.08'!$O$4:$O$11) -> 0 | R32: =SUMIF('11.08'!$B$4:$B$11,A32,'11.08'!$C$4:$C$11)+SUMIF('11.08'!$D$4:$D$11,A32,'11.08'!$E$4:$E$11)+SUMIF('11.08'!$F$4:$F$11,A32,'11.08'!$G$4:$G$11)+SUMIF('11.08'!$H$4:$H$11,A32,'11.08'!$I$4:$I$11)+SUMIF('11.08'!$J$4:$J$11,A32,'11.08'!$K$4:$K$11)+SUMIF('11.08'!$L$4:$L$11,A32,'11.08'!$M$4:$M$11)+SUMIF('11.08'!$N$4:$N$11,A32,'11.08'!$O$4:$O$11) -> #N/A
A33: ='список продуктов'!A41 -> Разрыхлитель | B33: ='список продуктов'!B41 -> пачка | C33: ='список продуктов'!C41 | D33: ='список продуктов'!D41 | E33: ='список продуктов'!E41 -> Долгосрочный | F33: =SUM(I33:R33) -> #N/A | G33: =IFERROR(CEILING(F33/C33,1),"Введите занчения") -> Введите занчения | H33: =IFERROR(G33*D33,"Введите занчения") -> Введите занчения | I33: =SUMIF('02.08'!$B$4:$B$11,A33,'02.08'!$C$4:$C$11)+SUMIF('02.08'!$D$4:$D$11,A33,'02.08'!$E$4:$E$11)+SUMIF('02.08'!$F$4:$F$11,A33,'02.08'!$G$4:$G$11)+SUMIF('02.08'!$H$4:$H$11,A33,'02.08'!$I$4:$I$11)+SUMIF('02.08'!$J$4:$J$11,A33,'02.08'!$K$4:$K$11)+SUMIF('02.08'!$L$4:$L$11,A33,'02.08'!$M$4:$M$11)+SUMIF('02.08'!$N$4:$N$11,A33,'02.08'!$O$4:$O$11) -> 0 | J33: =SUMIF('03.08'!$B$4:$B$11,A33,'03.08'!$C$4:$C$11)+SUMIF('03.08'!$D$4:$D$11,A33,'03.08'!$E$4:$E$11)+SUMIF('03.08'!$F$4:$F$11,A33,'03.08'!$G$4:$G$11)+SUMIF('03.08'!$H$4:$H$11,A33,'03.08'!$I$4:$I$11)+SUMIF('03.08'!$J$4:$J$11,A33,'03.08'!$K$4:$K$11)+SUMIF('03.08'!$L$4:$L$11,A33,'03.08'!$M$4:$M$11)+SUMIF('03.08'!$N$4:$N$11,A33,'03.08'!$O$4:$O$11) -> 0 | K33: =SUMIF('04.08'!$B$4:$B$11,A33,'04.08'!$C$4:$C$11)+SUMIF('04.08'!$D$4:$D$11,A33,'04.08'!$E$4:$E$11)+SUMIF('04.08'!$F$4:$F$11,A33,'04.08'!$G$4:$G$11)+SUMIF('04.08'!$H$4:$H$11,A33,'04.08'!$I$4:$I$11)+SUMIF('04.08'!$J$4:$J$11,A33,'04.08'!$K$4:$K$11)+SUMIF('04.08'!$L$4:$L$11,A33,'04.08'!$M$4:$M$11)+SUMIF('04.08'!$N$4:$N$11,A33,'04.08'!$O$4:$O$11) -> 0 | L33: =SUMIF('05.08'!$B$4:$B$11,A33,'05.08'!$C$4:$C$11)+SUMIF('05.08'!$D$4:$D$11,A33,'05.08'!$E$4:$E$11)+SUMIF('05.08'!$F$4:$F$11,A33,'05.08'!$G$4:$G$11)+SUMIF('05.08'!$H$4:$H$11,A33,'05.08'!$I$4:$I$11)+SUMIF('05.08'!$J$4:$J$11,A33,'05.08'!$K$4:$K$11)+SUMIF('05.08'!$L$4:$L$11,A33,'05.08'!$M$4:$M$11)+SUMIF('05.08'!$N$4:$N$11,A33,'05.08'!$O$4:$O$11) -> 0 | M33: =SUMIF('06.08'!$B$4:$B$11,A33,'06.08'!$C$4:$C$11)+SUMIF('06.08'!$D$4:$D$11,A33,'06.08'!$E$4:$E$11)+SUMIF('06.08'!$F$4:$F$11,A33,'06.08'!$G$4:$G$11)+SUMIF('06.08'!$H$4:$H$11,A33,'06.08'!$I$4:$I$11)+SUMIF('06.08'!$J$4:$J$11,A33,'06.08'!$K$4:$K$11)+SUMIF('06.08'!$L$4:$L$11,A33,'06.08'!$M$4:$M$11)+SUMIF('06.08'!$N$4:$N$11,A33,'06.08'!$O$4:$O$11) -> 0 | N33: =SUMIF('07.08'!$B$4:$B$11,A33,'07.08'!$C$4:$C$11)+SUMIF('07.08'!$D$4:$D$11,A33,'07.08'!$E$4:$E$11)+SUMIF('07.08'!$F$4:$F$11,A33,'07.08'!$G$4:$G$11)+SUMIF('07.08'!$H$4:$H$11,A33,'07.08'!$I$4:$I$11)+SUMIF('07.08'!$J$4:$J$11,A33,'07.08'!$K$4:$K$11)+SUMIF('07.08'!$L$4:$L$11,A33,'07.08'!$M$4:$M$11)+SUMIF('07.08'!$N$4:$N$11,A33,'07.08'!$O$4:$O$11) -> 0 | O33: =SUMIF('08.08'!$B$4:$B$11,A33,'08.08'!$C$4:$C$11)+SUMIF('08.08'!$D$4:$D$11,A33,'08.08'!$E$4:$E$11)+SUMIF('08.08'!$F$4:$F$11,A33,'08.08'!$G$4:$G$11)+SUMIF('08.08'!$H$4:$H$11,A33,'08.08'!$I$4:$I$11)+SUMIF('08.08'!$J$4:$J$11,A33,'08.08'!$K$4:$K$11)+SUMIF('08.08'!$L$4:$L$11,A33,'08.08'!$M$4:$M$11)+SUMIF('08.08'!$N$4:$N$11,A33,'08.08'!$O$4:$O$11) -> 0 | P33: =SUMIF('09.08'!$B$4:$B$11,A33,'09.08'!$C$4:$C$11)+SUMIF('09.08'!$D$4:$D$11,A33,'09.08'!$E$4:$E$11)+SUMIF('09.08'!$F$4:$F$11,A33,'09.08'!$G$4:$G$11)+SUMIF('09.08'!$H$4:$H$11,A33,'09.08'!$I$4:$I$11)+SUMIF('09.08'!$J$4:$J$11,A33,'09.08'!$K$4:$K$11)+SUMIF('09.08'!$L$4:$L$11,A33,'09.08'!$M$4:$M$11)+SUMIF('09.08'!$N$4:$N$11,A33,'09.08'!$O$4:$O$11) -> 0 | Q33: =SUMIF('10.08'!$B$4:$B$11,A33,'10.08'!$C$4:$C$11)+SUMIF('10.08'!$D$4:$D$11,A33,'10.08'!$E$4:$E$11)+SUMIF('10.08'!$F$4:$F$11,A33,'10.08'!$G$4:$G$11)+SUMIF('10.08'!$H$4:$H$11,A33,'10.08'!$I$4:$I$11)+SUMIF('10.08'!$J$4:$J$11,A33,'10.08'!$K$4:$K$11)+SUMIF('10.08'!$L$4:$L$11,A33,'10.08'!$M$4:$M$11)+SUMIF('10.08'!$N$4:$N$11,A33,'10.08'!$O$4:$O$11) -> 0 | R33: =SUMIF('11.08'!$B$4:$B$11,A33,'11.08'!$C$4:$C$11)+SUMIF('11.08'!$D$4:$D$11,A33,'11.08'!$E$4:$E$11)+SUMIF('11.08'!$F$4:$F$11,A33,'11.08'!$G$4:$G$11)+SUMIF('11.08'!$H$4:$H$11,A33,'11.08'!$I$4:$I$11)+SUMIF('11.08'!$J$4:$J$11,A33,'11.08'!$K$4:$K$11)+SUMIF('11.08'!$L$4:$L$11,A33,'11.08'!$M$4:$M$11)+SUMIF('11.08'!$N$4:$N$11,A33,'11.08'!$O$4:$O$11) -> #N/A
A34: ='список продуктов'!A42 -> Редис | B34: ='список продуктов'!B42 -> кг | C34: ='список продуктов'!C42 -> 500 | D34: ='список продуктов'!D42 | E34: ='список продуктов'!E42 -> Краткосрочный | F34: =SUM(I34:R34) -> #N/A | G34: =IFERROR(CEILING(F34/C34,1),"Введите занчения") -> Введите занчения | H34: =IFERROR(G34*D34,"Введите занчения") -> Введите занчения | I34: =SUMIF('02.08'!$B$4:$B$11,A34,'02.08'!$C$4:$C$11)+SUMIF('02.08'!$D$4:$D$11,A34,'02.08'!$E$4:$E$11)+SUMIF('02.08'!$F$4:$F$11,A34,'02.08'!$G$4:$G$11)+SUMIF('02.08'!$H$4:$H$11,A34,'02.08'!$I$4:$I$11)+SUMIF('02.08'!$J$4:$J$11,A34,'02.08'!$K$4:$K$11)+SUMIF('02.08'!$L$4:$L$11,A34,'02.08'!$M$4:$M$11)+SUMIF('02.08'!$N$4:$N$11,A34,'02.08'!$O$4:$O$11) -> 0 | J34: =SUMIF('03.08'!$B$4:$B$11,A34,'03.08'!$C$4:$C$11)+SUMIF('03.08'!$D$4:$D$11,A34,'03.08'!$E$4:$E$11)+SUMIF('03.08'!$F$4:$F$11,A34,'03.08'!$G$4:$G$11)+SUMIF('03.08'!$H$4:$H$11,A34,'03.08'!$I$4:$I$11)+SUMIF('03.08'!$J$4:$J$11,A34,'03.08'!$K$4:$K$11)+SUMIF('03.08'!$L$4:$L$11,A34,'03.08'!$M$4:$M$11)+SUMIF('03.08'!$N$4:$N$11,A34,'03.08'!$O$4:$O$11) -> 0 | K34: =SUMIF('04.08'!$B$4:$B$11,A34,'04.08'!$C$4:$C$11)+SUMIF('04.08'!$D$4:$D$11,A34,'04.08'!$E$4:$E$11)+SUMIF('04.08'!$F$4:$F$11,A34,'04.08'!$G$4:$G$11)+SUMIF('04.08'!$H$4:$H$11,A34,'04.08'!$I$4:$I$11)+SUMIF('04.08'!$J$4:$J$11,A34,'04.08'!$K$4:$K$11)+SUMIF('04.08'!$L$4:$L$11,A34,'04.08'!$M$4:$M$11)+SUMIF('04.08'!$N$4:$N$11,A34,'04.08'!$O$4:$O$11) -> 0 | L34: =SUMIF('05.08'!$B$4:$B$11,A34,'05.08'!$C$4:$C$11)+SUMIF('05.08'!$D$4:$D$11,A34,'05.08'!$E$4:$E$11)+SUMIF('05.08'!$F$4:$F$11,A34,'05.08'!$G$4:$G$11)+SUMIF('05.08'!$H$4:$H$11,A34,'05.08'!$I$4:$I$11)+SUMIF('05.08'!$J$4:$J$11,A34,'05.08'!$K$4:$K$11)+SUMIF('05.08'!$L$4:$L$11,A34,'05.08'!$M$4:$M$11)+SUMIF('05.08'!$N$4:$N$11,A34,'05.08'!$O$4:$O$11) -> 0 | M34: =SUMIF('06.08'!$B$4:$B$11,A34,'06.08'!$C$4:$C$11)+SUMIF('06.08'!$D$4:$D$11,A34,'06.08'!$E$4:$E$11)+SUMIF('06.08'!$F$4:$F$11,A34,'06.08'!$G$4:$G$11)+SUMIF('06.08'!$H$4:$H$11,A34,'06.08'!$I$4:$I$11)+SUMIF('06.08'!$J$4:$J$11,A34,'06.08'!$K$4:$K$11)+SUMIF('06.08'!$L$4:$L$11,A34,'06.08'!$M$4:$M$11)+SUMIF('06.08'!$N$4:$N$11,A34,'06.08'!$O$4:$O$11) -> 0 | N34: =SUMIF('07.08'!$B$4:$B$11,A34,'07.08'!$C$4:$C$11)+SUMIF('07.08'!$D$4:$D$11,A34,'07.08'!$E$4:$E$11)+SUMIF('07.08'!$F$4:$F$11,A34,'07.08'!$G$4:$G$11)+SUMIF('07.08'!$H$4:$H$11,A34,'07.08'!$I$4:$I$11)+SUMIF('07.08'!$J$4:$J$11,A34,'07.08'!$K$4:$K$11)+SUMIF('07.08'!$L$4:$L$11,A34,'07.08'!$M$4:$M$11)+SUMIF('07.08'!$N$4:$N$11,A34,'07.08'!$O$4:$O$11) -> 0 | O34: =SUMIF('08.08'!$B$4:$B$11,A34,'08.08'!$C$4:$C$11)+SUMIF('08.08'!$D$4:$D$11,A34,'08.08'!$E$4:$E$11)+SUMIF('08.08'!$F$4:$F$11,A34,'08.08'!$G$4:$G$11)+SUMIF('08.08'!$H$4:$H$11,A34,'08.08'!$I$4:$I$11)+SUMIF('08.08'!$J$4:$J$11,A34,'08.08'!$K$4:$K$11)+SUMIF('08.08'!$L$4:$L$11,A34,'08.08'!$M$4:$M$11)+SUMIF('08.08'!$N$4:$N$11,A34,'08.08'!$O$4:$O$11) -> 0 | P34: =SUMIF('09.08'!$B$4:$B$11,A34,'09.08'!$C$4:$C$11)+SUMIF('09.08'!$D$4:$D$11,A34,'09.08'!$E$4:$E$11)+SUMIF('09.08'!$F$4:$F$11,A34,'09.08'!$G$4:$G$11)+SUMIF('09.08'!$H$4:$H$11,A34,'09.08'!$I$4:$I$11)+SUMIF('09.08'!$J$4:$J$11,A34,'09.08'!$K$4:$K$11)+SUMIF('09.08'!$L$4:$L$11,A34,'09.08'!$M$4:$M$11)+SUMIF('09.08'!$N$4:$N$11,A34,'09.08'!$O$4:$O$11) -> 0 | Q34: =SUMIF('10.08'!$B$4:$B$11,A34,'10.08'!$C$4:$C$11)+SUMIF('10.08'!$D$4:$D$11,A34,'10.08'!$E$4:$E$11)+SUMIF('10.08'!$F$4:$F$11,A34,'10.08'!$G$4:$G$11)+SUMIF('10.08'!$H$4:$H$11,A34,'10.08'!$I$4:$I$11)+SUMIF('10.08'!$J$4:$J$11,A34,'10.08'!$K$4:$K$11)+SUMIF('10.08'!$L$4:$L$11,A34,'10.08'!$M$4:$M$11)+SUMIF('10.08'!$N$4:$N$11,A34,'10.08'!$O$4:$O$11) -> 0 | R34: =SUMIF('11.08'!$B$4:$B$11,A34,'11.08'!$C$4:$C$11)+SUMIF('11.08'!$D$4:$D$11,A34,'11.08'!$E$4:$E$11)+SUMIF('11.08'!$F$4:$F$11,A34,'11.08'!$G$4:$G$11)+SUMIF('11.08'!$H$4:$H$11,A34,'11.08'!$I$4:$I$11)+SUMIF('11.08'!$J$4:$J$11,A34,'11.08'!$K$4:$K$11)+SUMIF('11.08'!$L$4:$L$11,A34,'11.08'!$M$4:$M$11)+SUMIF('11.08'!$N$4:$N$11,A34,'11.08'!$O$4:$O$11) -> #N/A
A35: ='список продуктов'!A43 -> Рис | B35: ='список продуктов'!B43 -> пачка | C35: ='список продуктов'!C43 | D35: ='список продуктов'!D43 | E35: ='список продуктов'!E43 -> Долгосрочный | F35: =SUM(I35:R35) -> #N/A | G35: =IFERROR(CEILING(F35/C35,1),"Введите занчения") -> Введите занчения | H35: =IFERROR(G35*D35,"Введите занчения") -> Введите занчения | I35: =SUMIF('02.08'!$B$4:$B$11,A35,'02.08'!$C$4:$C$11)+SUMIF('02.08'!$D$4:$D$11,A35,'02.08'!$E$4:$E$11)+SUMIF('02.08'!$F$4:$F$11,A35,'02.08'!$G$4:$G$11)+SUMIF('02.08'!$H$4:$H$11,A35,'02.08'!$I$4:$I$11)+SUMIF('02.08'!$J$4:$J$11,A35,'02.08'!$K$4:$K$11)+SUMIF('02.08'!$L$4:$L$11,A35,'02.08'!$M$4:$M$11)+SUMIF('02.08'!$N$4:$N$11,A35,'02.08'!$O$4:$O$11) -> 0 | J35: =SUMIF('03.08'!$B$4:$B$11,A35,'03.08'!$C$4:$C$11)+SUMIF('03.08'!$D$4:$D$11,A35,'03.08'!$E$4:$E$11)+SUMIF('03.08'!$F$4:$F$11,A35,'03.08'!$G$4:$G$11)+SUMIF('03.08'!$H$4:$H$11,A35,'03.08'!$I$4:$I$11)+SUMIF('03.08'!$J$4:$J$11,A35,'03.08'!$K$4:$K$11)+SUMIF('03.08'!$L$4:$L$11,A35,'03.08'!$M$4:$M$11)+SUMIF('03.08'!$N$4:$N$11,A35,'03.08'!$O$4:$O$11) -> 0 | K35: =SUMIF('04.08'!$B$4:$B$11,A35,'04.08'!$C$4:$C$11)+SUMIF('04.08'!$D$4:$D$11,A35,'04.08'!$E$4:$E$11)+SUMIF('04.08'!$F$4:$F$11,A35,'04.08'!$G$4:$G$11)+SUMIF('04.08'!$H$4:$H$11,A35,'04.08'!$I$4:$I$11)+SUMIF('04.08'!$J$4:$J$11,A35,'04.08'!$K$4:$K$11)+SUMIF('04.08'!$L$4:$L$11,A35,'04.08'!$M$4:$M$11)+SUMIF('04.08'!$N$4:$N$11,A35,'04.08'!$O$4:$O$11) -> 0 | L35: =SUMIF('05.08'!$B$4:$B$11,A35,'05.08'!$C$4:$C$11)+SUMIF('05.08'!$D$4:$D$11,A35,'05.08'!$E$4:$E$11)+SUMIF('05.08'!$F$4:$F$11,A35,'05.08'!$G$4:$G$11)+SUMIF('05.08'!$H$4:$H$11,A35,'05.08'!$I$4:$I$11)+SUMIF('05.08'!$J$4:$J$11,A35,'05.08'!$K$4:$K$11)+SUMIF('05.08'!$L$4:$L$11,A35,'05.08'!$M$4:$M$11)+SUMIF('05.08'!$N$4:$N$11,A35,'05.08'!$O$4:$O$11) -> 0 | M35: =SUMIF('06.08'!$B$4:$B$11,A35,'06.08'!$C$4:$C$11)+SUMIF('06.08'!$D$4:$D$11,A35,'06.08'!$E$4:$E$11)+SUMIF('06.08'!$F$4:$F$11,A35,'06.08'!$G$4:$G$11)+SUMIF('06.08'!$H$4:$H$11,A35,'06.08'!$I$4:$I$11)+SUMIF('06.08'!$J$4:$J$11,A35,'06.08'!$K$4:$K$11)+SUMIF('06.08'!$L$4:$L$11,A35,'06.08'!$M$4:$M$11)+SUMIF('06.08'!$N$4:$N$11,A35,'06.08'!$O$4:$O$11) -> 0 | N35: =SUMIF('07.08'!$B$4:$B$11,A35,'07.08'!$C$4:$C$11)+SUMIF('07.08'!$D$4:$D$11,A35,'07.08'!$E$4:$E$11)+SUMIF('07.08'!$F$4:$F$11,A35,'07.08'!$G$4:$G$11)+SUMIF('07.08'!$H$4:$H$11,A35,'07.08'!$I$4:$I$11)+SUMIF('07.08'!$J$4:$J$11,A35,'07.08'!$K$4:$K$11)+SUMIF('07.08'!$L$4:$L$11,A35,'07.08'!$M$4:$M$11)+SUMIF('07.08'!$N$4:$N$11,A35,'07.08'!$O$4:$O$11) -> 0 | O35: =SUMIF('08.08'!$B$4:$B$11,A35,'08.08'!$C$4:$C$11)+SUMIF('08.08'!$D$4:$D$11,A35,'08.08'!$E$4:$E$11)+SUMIF('08.08'!$F$4:$F$11,A35,'08.08'!$G$4:$G$11)+SUMIF('08.08'!$H$4:$H$11,A35,'08.08'!$I$4:$I$11)+SUMIF('08.08'!$J$4:$J$11,A35,'08.08'!$K$4:$K$11)+SUMIF('08.08'!$L$4:$L$11,A35,'08.08'!$M$4:$M$11)+SUMIF('08.08'!$N$4:$N$11,A35,'08.08'!$O$4:$O$11) -> 0 | P35: =SUMIF('09.08'!$B$4:$B$11,A35,'09.08'!$C$4:$C$11)+SUMIF('09.08'!$D$4:$D$11,A35,'09.08'!$E$4:$E$11)+SUMIF('09.08'!$F$4:$F$11,A35,'09.08'!$G$4:$G$11)+SUMIF('09.08'!$H$4:$H$11,A35,'09.08'!$I$4:$I$11)+SUMIF('09.08'!$J$4:$J$11,A35,'09.08'!$K$4:$K$11)+SUMIF('09.08'!$L$4:$L$11,A35,'09.08'!$M$4:$M$11)+SUMIF('09.08'!$N$4:$N$11,A35,'09.08'!$O$4:$O$11) -> 0 | Q35: =SUMIF('10.08'!$B$4:$B$11,A35,'10.08'!$C$4:$C$11)+SUMIF('10.08'!$D$4:$D$11,A35,'10.08'!$E$4:$E$11)+SUMIF('10.08'!$F$4:$F$11,A35,'10.08'!$G$4:$G$11)+SUMIF('10.08'!$H$4:$H$11,A35,'10.08'!$I$4:$I$11)+SUMIF('10.08'!$J$4:$J$11,A35,'10.08'!$K$4:$K$11)+SUMIF('10.08'!$L$4:$L$11,A35,'10.08'!$M$4:$M$11)+SUMIF('10.08'!$N$4:$N$11,A35,'10.08'!$O$4:$O$11) -> 0 | R35: =SUMIF('11.08'!$B$4:$B$11,A35,'11.08'!$C$4:$C$11)+SUMIF('11.08'!$D$4:$D$11,A35,'11.08'!$E$4:$E$11)+SUMIF('11.08'!$F$4:$F$11,A35,'11.08'!$G$4:$G$11)+SUMIF('11.08'!$H$4:$H$11,A35,'11.08'!$I$4:$I$11)+SUMIF('11.08'!$J$4:$J$11,A35,'11.08'!$K$4:$K$11)+SUMIF('11.08'!$L$4:$L$11,A35,'11.08'!$M$4:$M$11)+SUMIF('11.08'!$N$4:$N$11,A35,'11.08'!$O$4:$O$11) -> #N/A
A36: ='список продуктов'!A44 -> Сахар | B36: ='список продуктов'!B44 -> кг | C36: ='список продуктов'!C44 -> 1000 | D36: ='список продуктов'!D44 | E36: ='список продуктов'!E44 -> Долгосрочный | F36: =SUM(I36:R36) -> #N/A | G36: =IFERROR(CEILING(F36/C36,1),"Введите занчения") -> Введите занчения | H36: =IFERROR(G36*D36,"Введите занчения") -> Введите занчения | I36: =SUMIF('02.08'!$B$4:$B$11,A36,'02.08'!$C$4:$C$11)+SUMIF('02.08'!$D$4:$D$11,A36,'02.08'!$E$4:$E$11)+SUMIF('02.08'!$F$4:$F$11,A36,'02.08'!$G$4:$G$11)+SUMIF('02.08'!$H$4:$H$11,A36,'02.08'!$I$4:$I$11)+SUMIF('02.08'!$J$4:$J$11,A36,'02.08'!$K$4:$K$11)+SUMIF('02.08'!$L$4:$L$11,A36,'02.08'!$M$4:$M$11)+SUMIF('02.08'!$N$4:$N$11,A36,'02.08'!$O$4:$O$11) -> 0 | J36: =SUMIF('03.08'!$B$4:$B$11,A36,'03.08'!$C$4:$C$11)+SUMIF('03.08'!$D$4:$D$11,A36,'03.08'!$E$4:$E$11)+SUMIF('03.08'!$F$4:$F$11,A36,'03.08'!$G$4:$G$11)+SUMIF('03.08'!$H$4:$H$11,A36,'03.08'!$I$4:$I$11)+SUMIF('03.08'!$J$4:$J$11,A36,'03.08'!$K$4:$K$11)+SUMIF('03.08'!$L$4:$L$11,A36,'03.08'!$M$4:$M$11)+SUMIF('03.08'!$N$4:$N$11,A36,'03.08'!$O$4:$O$11) -> 0 | K36: =SUMIF('04.08'!$B$4:$B$11,A36,'04.08'!$C$4:$C$11)+SUMIF('04.08'!$D$4:$D$11,A36,'04.08'!$E$4:$E$11)+SUMIF('04.08'!$F$4:$F$11,A36,'04.08'!$G$4:$G$11)+SUMIF('04.08'!$H$4:$H$11,A36,'04.08'!$I$4:$I$11)+SUMIF('04.08'!$J$4:$J$11,A36,'04.08'!$K$4:$K$11)+SUMIF('04.08'!$L$4:$L$11,A36,'04.08'!$M$4:$M$11)+SUMIF('04.08'!$N$4:$N$11,A36,'04.08'!$O$4:$O$11) -> 0 | L36: =SUMIF('05.08'!$B$4:$B$11,A36,'05.08'!$C$4:$C$11)+SUMIF('05.08'!$D$4:$D$11,A36,'05.08'!$E$4:$E$11)+SUMIF('05.08'!$F$4:$F$11,A36,'05.08'!$G$4:$G$11)+SUMIF('05.08'!$H$4:$H$11,A36,'05.08'!$I$4:$I$11)+SUMIF('05.08'!$J$4:$J$11,A36,'05.08'!$K$4:$K$11)+SUMIF('05.08'!$L$4:$L$11,A36,'05.08'!$M$4:$M$11)+SUMIF('05.08'!$N$4:$N$11,A36,'05.08'!$O$4:$O$11) -> 0 | M36: =SUMIF('06.08'!$B$4:$B$11,A36,'06.08'!$C$4:$C$11)+SUMIF('06.08'!$D$4:$D$11,A36,'06.08'!$E$4:$E$11)+SUMIF('06.08'!$F$4:$F$11,A36,'06.08'!$G$4:$G$11)+SUMIF('06.08'!$H$4:$H$11,A36,'06.08'!$I$4:$I$11)+SUMIF('06.08'!$J$4:$J$11,A36,'06.08'!$K$4:$K$11)+SUMIF('06.08'!$L$4:$L$11,A36,'06.08'!$M$4:$M$11)+SUMIF('06.08'!$N$4:$N$11,A36,'06.08'!$O$4:$O$11) -> 0 | N36: =SUMIF('07.08'!$B$4:$B$11,A36,'07.08'!$C$4:$C$11)+SUMIF('07.08'!$D$4:$D$11,A36,'07.08'!$E$4:$E$11)+SUMIF('07.08'!$F$4:$F$11,A36,'07.08'!$G$4:$G$11)+SUMIF('07.08'!$H$4:$H$11,A36,'07.08'!$I$4:$I$11)+SUMIF('07.08'!$J$4:$J$11,A36,'07.08'!$K$4:$K$11)+SUMIF('07.08'!$L$4:$L$11,A36,'07.08'!$M$4:$M$11)+SUMIF('07.08'!$N$4:$N$11,A36,'07.08'!$O$4:$O$11) -> 0 | O36: =SUMIF('08.08'!$B$4:$B$11,A36,'08.08'!$C$4:$C$11)+SUMIF('08.08'!$D$4:$D$11,A36,'08.08'!$E$4:$E$11)+SUMIF('08.08'!$F$4:$F$11,A36,'08.08'!$G$4:$G$11)+SUMIF('08.08'!$H$4:$H$11,A36,'08.08'!$I$4:$I$11)+SUMIF('08.08'!$J$4:$J$11,A36,'08.08'!$K$4:$K$11)+SUMIF('08.08'!$L$4:$L$11,A36,'08.08'!$M$4:$M$11)+SUMIF('08.08'!$N$4:$N$11,A36,'08.08'!$O$4:$O$11) -> 0 | P36: =SUMIF('09.08'!$B$4:$B$11,A36,'09.08'!$C$4:$C$11)+SUMIF('09.08'!$D$4:$D$11,A36,'09.08'!$E$4:$E$11)+SUMIF('09.08'!$F$4:$F$11,A36,'09.08'!$G$4:$G$11)+SUMIF('09.08'!$H$4:$H$11,A36,'09.08'!$I$4:$I$11)+SUMIF('09.08'!$J$4:$J$11,A36,'09.08'!$K$4:$K$11)+SUMIF('09.08'!$L$4:$L$11,A36,'09.08'!$M$4:$M$11)+SUMIF('09.08'!$N$4:$N$11,A36,'09.08'!$O$4:$O$11) -> 0 | Q36: =SUMIF('10.08'!$B$4:$B$11,A36,'10.08'!$C$4:$C$11)+SUMIF('10.08'!$D$4:$D$11,A36,'10.08'!$E$4:$E$11)+SUMIF('10.08'!$F$4:$F$11,A36,'10.08'!$G$4:$G$11)+SUMIF('10.08'!$H$4:$H$11,A36,'10.08'!$I$4:$I$11)+SUMIF('10.08'!$J$4:$J$11,A36,'10.08'!$K$4:$K$11)+SUMIF('10.08'!$L$4:$L$11,A36,'10.08'!$M$4:$M$11)+SUMIF('10.08'!$N$4:$N$11,A36,'10.08'!$O$4:$O$11) -> 0 | R36: =SUMIF('11.08'!$B$4:$B$11,A36,'11.08'!$C$4:$C$11)+SUMIF('11.08'!$D$4:$D$11,A36,'11.08'!$E$4:$E$11)+SUMIF('11.08'!$F$4:$F$11,A36,'11.08'!$G$4:$G$11)+SUMIF('11.08'!$H$4:$H$11,A36,'11.08'!$I$4:$I$11)+SUMIF('11.08'!$J$4:$J$11,A36,'11.08'!$K$4:$K$11)+SUMIF('11.08'!$L$4:$L$11,A36,'11.08'!$M$4:$M$11)+SUMIF('11.08'!$N$4:$N$11,A36,'11.08'!$O$4:$O$11) -> #N/A
A37: ='список продуктов'!A45 -> Сгущёнка | B37: ='список продуктов'!B45 -> кг | C37: ='список продуктов'!C45 | D37: ='список продуктов'!D45 | E37: ='список продуктов'!E45 -> Долгосрочный | F37: =SUM(I37:R37) -> #N/A | G37: =IFERROR(CEILING(F37/C37,1),"Введите занчения") -> Введите занчения | H37: =IFERROR(G37*D37,"Введите занчения") -> Введите занчения | I37: =SUMIF('02.08'!$B$4:$B$11,A37,'02.08'!$C$4:$C$11)+SUMIF('02.08'!$D$4:$D$11,A37,'02.08'!$E$4:$E$11)+SUMIF('02.08'!$F$4:$F$11,A37,'02.08'!$G$4:$G$11)+SUMIF('02.08'!$H$4:$H$11,A37,'02.08'!$I$4:$I$11)+SUMIF('02.08'!$J$4:$J$11,A37,'02.08'!$K$4:$K$11)+SUMIF('02.08'!$L$4:$L$11,A37,'02.08'!$M$4:$M$11)+SUMIF('02.08'!$N$4:$N$11,A37,'02.08'!$O$4:$O$11) -> 0 | J37: =SUMIF('03.08'!$B$4:$B$11,A37,'03.08'!$C$4:$C$11)+SUMIF('03.08'!$D$4:$D$11,A37,'03.08'!$E$4:$E$11)+SUMIF('03.08'!$F$4:$F$11,A37,'03.08'!$G$4:$G$11)+SUMIF('03.08'!$H$4:$H$11,A37,'03.08'!$I$4:$I$11)+SUMIF('03.08'!$J$4:$J$11,A37,'03.08'!$K$4:$K$11)+SUMIF('03.08'!$L$4:$L$11,A37,'03.08'!$M$4:$M$11)+SUMIF('03.08'!$N$4:$N$11,A37,'03.08'!$O$4:$O$11) -> 0 | K37: =SUMIF('04.08'!$B$4:$B$11,A37,'04.08'!$C$4:$C$11)+SUMIF('04.08'!$D$4:$D$11,A37,'04.08'!$E$4:$E$11)+SUMIF('04.08'!$F$4:$F$11,A37,'04.08'!$G$4:$G$11)+SUMIF('04.08'!$H$4:$H$11,A37,'04.08'!$I$4:$I$11)+SUMIF('04.08'!$J$4:$J$11,A37,'04.08'!$K$4:$K$11)+SUMIF('04.08'!$L$4:$L$11,A37,'04.08'!$M$4:$M$11)+SUMIF('04.08'!$N$4:$N$11,A37,'04.08'!$O$4:$O$11) -> 0 | L37: =SUMIF('05.08'!$B$4:$B$11,A37,'05.08'!$C$4:$C$11)+SUMIF('05.08'!$D$4:$D$11,A37,'05.08'!$E$4:$E$11)+SUMIF('05.08'!$F$4:$F$11,A37,'05.08'!$G$4:$G$11)+SUMIF('05.08'!$H$4:$H$11,A37,'05.08'!$I$4:$I$11)+SUMIF('05.08'!$J$4:$J$11,A37,'05.08'!$K$4:$K$11)+SUMIF('05.08'!$L$4:$L$11,A37,'05.08'!$M$4:$M$11)+SUMIF('05.08'!$N$4:$N$11,A37,'05.08'!$O$4:$O$11) -> 0 | M37: =SUMIF('06.08'!$B$4:$B$11,A37,'06.08'!$C$4:$C$11)+SUMIF('06.08'!$D$4:$D$11,A37,'06.08'!$E$4:$E$11)+SUMIF('06.08'!$F$4:$F$11,A37,'06.08'!$G$4:$G$11)+SUMIF('06.08'!$H$4:$H$11,A37,'06.08'!$I$4:$I$11)+SUMIF('06.08'!$J$4:$J$11,A37,'06.08'!$K$4:$K$11)+SUMIF('06.08'!$L$4:$L$11,A37,'06.08'!$M$4:$M$11)+SUMIF('06.08'!$N$4:$N$11,A37,'06.08'!$O$4:$O$11) -> 0 | N37: =SUMIF('07.08'!$B$4:$B$11,A37,'07.08'!$C$4:$C$11)+SUMIF('07.08'!$D$4:$D$11,A37,'07.08'!$E$4:$E$11)+SUMIF('07.08'!$F$4:$F$11,A37,'07.08'!$G$4:$G$11)+SUMIF('07.08'!$H$4:$H$11,A37,'07.08'!$I$4:$I$11)+SUMIF('07.08'!$J$4:$J$11,A37,'07.08'!$K$4:$K$11)+SUMIF('07.08'!$L$4:$L$11,A37,'07.08'!$M$4:$M$11)+SUMIF('07.08'!$N$4:$N$11,A37,'07.08'!$O$4:$O$11) -> 0 | O37: =SUMIF('08.08'!$B$4:$B$11,A37,'08.08'!$C$4:$C$11)+SUMIF('08.08'!$D$4:$D$11,A37,'08.08'!$E$4:$E$11)+SUMIF('08.08'!$F$4:$F$11,A37,'08.08'!$G$4:$G$11)+SUMIF('08.08'!$H$4:$H$11,A37,'08.08'!$I$4:$I$11)+SUMIF('08.08'!$J$4:$J$11,A37,'08.08'!$K$4:$K$11)+SUMIF('08.08'!$L$4:$L$11,A37,'08.08'!$M$4:$M$11)+SUMIF('08.08'!$N$4:$N$11,A37,'08.08'!$O$4:$O$11) -> 0 | P37: =SUMIF('09.08'!$B$4:$B$11,A37,'09.08'!$C$4:$C$11)+SUMIF('09.08'!$D$4:$D$11,A37,'09.08'!$E$4:$E$11)+SUMIF('09.08'!$F$4:$F$11,A37,'09.08'!$G$4:$G$11)+SUMIF('09.08'!$H$4:$H$11,A37,'09.08'!$I$4:$I$11)+SUMIF('09.08'!$J$4:$J$11,A37,'09.08'!$K$4:$K$11)+SUMIF('09.08'!$L$4:$L$11,A37,'09.08'!$M$4:$M$11)+SUMIF('09.08'!$N$4:$N$11,A37,'09.08'!$O$4:$O$11) -> 0 | Q37: =SUMIF('10.08'!$B$4:$B$11,A37,'10.08'!$C$4:$C$11)+SUMIF('10.08'!$D$4:$D$11,A37,'10.08'!$E$4:$E$11)+SUMIF('10.08'!$F$4:$F$11,A37,'10.08'!$G$4:$G$11)+SUMIF('10.08'!$H$4:$H$11,A37,'10.08'!$I$4:$I$11)+SUMIF('10.08'!$J$4:$J$11,A37,'10.08'!$K$4:$K$11)+SUMIF('10.08'!$L$4:$L$11,A37,'10.08'!$M$4:$M$11)+SUMIF('10.08'!$N$4:$N$11,A37,'10.08'!$O$4:$O$11) -> 0 | R37: =SUMIF('11.08'!$B$4:$B$11,A37,'11.08'!$C$4:$C$11)+SUMIF('11.08'!$D$4:$D$11,A37,'11.08'!$E$4:$E$11)+SUMIF('11.08'!$F$4:$F$11,A37,'11.08'!$G$4:$G$11)+SUMIF('11.08'!$H$4:$H$11,A37,'11.08'!$I$4:$I$11)+SUMIF('11.08'!$J$4:$J$11,A37,'11.08'!$K$4:$K$11)+SUMIF('11.08'!$L$4:$L$11,A37,'11.08'!$M$4:$M$11)+SUMIF('11.08'!$N$4:$N$11,A37,'11.08'!$O$4:$O$11) -> #N/A
A38: ='список продуктов'!A46 -> Солёные огурцы | B38: ='список продуктов'!B46 -> кг | C38: ='список продуктов'!C46 | D38: ='список продуктов'!D46 | E38: ='список продуктов'!E46 -> Краткосрочный | F38: =SUM(I38:R38) -> #N/A | G38: =IFERROR(CEILING(F38/C38,1),"Введите занчения") -> Введите занчения | H38: =IFERROR(G38*D38,"Введите занчения") -> Введите занчения | I38: =SUMIF('02.08'!$B$4:$B$11,A38,'02.08'!$C$4:$C$11)+SUMIF('02.08'!$D$4:$D$11,A38,'02.08'!$E$4:$E$11)+SUMIF('02.08'!$F$4:$F$11,A38,'02.08'!$G$4:$G$11)+SUMIF('02.08'!$H$4:$H$11,A38,'02.08'!$I$4:$I$11)+SUMIF('02.08'!$J$4:$J$11,A38,'02.08'!$K$4:$K$11)+SUMIF('02.08'!$L$4:$L$11,A38,'02.08'!$M$4:$M$11)+SUMIF('02.08'!$N$4:$N$11,A38,'02.08'!$O$4:$O$11) -> 0 | J38: =SUMIF('03.08'!$B$4:$B$11,A38,'03.08'!$C$4:$C$11)+SUMIF('03.08'!$D$4:$D$11,A38,'03.08'!$E$4:$E$11)+SUMIF('03.08'!$F$4:$F$11,A38,'03.08'!$G$4:$G$11)+SUMIF('03.08'!$H$4:$H$11,A38,'03.08'!$I$4:$I$11)+SUMIF('03.08'!$J$4:$J$11,A38,'03.08'!$K$4:$K$11)+SUMIF('03.08'!$L$4:$L$11,A38,'03.08'!$M$4:$M$11)+SUMIF('03.08'!$N$4:$N$11,A38,'03.08'!$O$4:$O$11) -> 0 | K38: =SUMIF('04.08'!$B$4:$B$11,A38,'04.08'!$C$4:$C$11)+SUMIF('04.08'!$D$4:$D$11,A38,'04.08'!$E$4:$E$11)+SUMIF('04.08'!$F$4:$F$11,A38,'04.08'!$G$4:$G$11)+SUMIF('04.08'!$H$4:$H$11,A38,'04.08'!$I$4:$I$11)+SUMIF('04.08'!$J$4:$J$11,A38,'04.08'!$K$4:$K$11)+SUMIF('04.08'!$L$4:$L$11,A38,'04.08'!$M$4:$M$11)+SUMIF('04.08'!$N$4:$N$11,A38,'04.08'!$O$4:$O$11) -> 0 | L38: =SUMIF('05.08'!$B$4:$B$11,A38,'05.08'!$C$4:$C$11)+SUMIF('05.08'!$D$4:$D$11,A38,'05.08'!$E$4:$E$11)+SUMIF('05.08'!$F$4:$F$11,A38,'05.08'!$G$4:$G$11)+SUMIF('05.08'!$H$4:$H$11,A38,'05.08'!$I$4:$I$11)+SUMIF('05.08'!$J$4:$J$11,A38,'05.08'!$K$4:$K$11)+SUMIF('05.08'!$L$4:$L$11,A38,'05.08'!$M$4:$M$11)+SUMIF('05.08'!$N$4:$N$11,A38,'05.08'!$O$4:$O$11) -> 0 | M38: =SUMIF('06.08'!$B$4:$B$11,A38,'06.08'!$C$4:$C$11)+SUMIF('06.08'!$D$4:$D$11,A38,'06.08'!$E$4:$E$11)+SUMIF('06.08'!$F$4:$F$11,A38,'06.08'!$G$4:$G$11)+SUMIF('06.08'!$H$4:$H$11,A38,'06.08'!$I$4:$I$11)+SUMIF('06.08'!$J$4:$J$11,A38,'06.08'!$K$4:$K$11)+SUMIF('06.08'!$L$4:$L$11,A38,'06.08'!$M$4:$M$11)+SUMIF('06.08'!$N$4:$N$11,A38,'06.08'!$O$4:$O$11) -> 0 | N38: =SUMIF('07.08'!$B$4:$B$11,A38,'07.08'!$C$4:$C$11)+SUMIF('07.08'!$D$4:$D$11,A38,'07.08'!$E$4:$E$11)+SUMIF('07.08'!$F$4:$F$11,A38,'07.08'!$G$4:$G$11)+SUMIF('07.08'!$H$4:$H$11,A38,'07.08'!$I$4:$I$11)+SUMIF('07.08'!$J$4:$J$11,A38,'07.08'!$K$4:$K$11)+SUMIF('07.08'!$L$4:$L$11,A38,'07.08'!$M$4:$M$11)+SUMIF('07.08'!$N$4:$N$11,A38,'07.08'!$O$4:$O$11) -> 0 | O38: =SUMIF('08.08'!$B$4:$B$11,A38,'08.08'!$C$4:$C$11)+SUMIF('08.08'!$D$4:$D$11,A38,'08.08'!$E$4:$E$11)+SUMIF('08.08'!$F$4:$F$11,A38,'08.08'!$G$4:$G$11)+SUMIF('08.08'!$H$4:$H$11,A38,'08.08'!$I$4:$I$11)+SUMIF('08.08'!$J$4:$J$11,A38,'08.08'!$K$4:$K$11)+SUMIF('08.08'!$L$4:$L$11,A38,'08.08'!$M$4:$M$11)+SUMIF('08.08'!$N$4:$N$11,A38,'08.08'!$O$4:$O$11) -> 0 | P38: =SUMIF('09.08'!$B$4:$B$11,A38,'09.08'!$C$4:$C$11)+SUMIF('09.08'!$D$4:$D$11,A38,'09.08'!$E$4:$E$11)+SUMIF('09.08'!$F$4:$F$11,A38,'09.08'!$G$4:$G$11)+SUMIF('09.08'!$H$4:$H$11,A38,'09.08'!$I$4:$I$11)+SUMIF('09.08'!$J$4:$J$11,A38,'09.08'!$K$4:$K$11)+SUMIF('09.08'!$L$4:$L$11,A38,'09.08'!$M$4:$M$11)+SUMIF('09.08'!$N$4:$N$11,A38,'09.08'!$O$4:$O$11) -> 0 | Q38: =SUMIF('10.08'!$B$4:$B$11,A38,'10.08'!$C$4:$C$11)+SUMIF('10.08'!$D$4:$D$11,A38,'10.08'!$E$4:$E$11)+SUMIF('10.08'!$F$4:$F$11,A38,'10.08'!$G$4:$G$11)+SUMIF('10.08'!$H$4:$H$11,A38,'10.08'!$I$4:$I$11)+SUMIF('10.08'!$J$4:$J$11,A38,'10.08'!$K$4:$K$11)+SUMIF('10.08'!$L$4:$L$11,A38,'10.08'!$M$4:$M$11)+SUMIF('10.08'!$N$4:$N$11,A38,'10.08'!$O$4:$O$11) -> 0 | R38: =SUMIF('11.08'!$B$4:$B$11,A38,'11.08'!$C$4:$C$11)+SUMIF('11.08'!$D$4:$D$11,A38,'11.08'!$E$4:$E$11)+SUMIF('11.08'!$F$4:$F$11,A38,'11.08'!$G$4:$G$11)+SUMIF('11.08'!$H$4:$H$11,A38,'11.08'!$I$4:$I$11)+SUMIF('11.08'!$J$4:$J$11,A38,'11.08'!$K$4:$K$11)+SUMIF('11.08'!$L$4:$L$11,A38,'11.08'!$M$4:$M$11)+SUMIF('11.08'!$N$4:$N$11,A38,'11.08'!$O$4:$O$11) -> #N/A
A39: ='список продуктов'!A47 -> Соль | B39: ='список продуктов'!B47 -> банка | C39: ='список продуктов'!C47 | D39: ='список продуктов'!D47 | E39: ='список продуктов'!E47 -> Долгосрочный | F39: =SUM(I39:R39) -> #N/A | G39: =IFERROR(CEILING(F39/C39,1),"Введите занчения") -> Введите занчения | H39: =IFERROR(G39*D39,"Введите занчения") -> Введите занчения | I39: =SUMIF('02.08'!$B$4:$B$11,A39,'02.08'!$C$4:$C$11)+SUMIF('02.08'!$D$4:$D$11,A39,'02.08'!$E$4:$E$11)+SUMIF('02.08'!$F$4:$F$11,A39,'02.08'!$G$4:$G$11)+SUMIF('02.08'!$H$4:$H$11,A39,'02.08'!$I$4:$I$11)+SUMIF('02.08'!$J$4:$J$11,A39,'02.08'!$K$4:$K$11)+SUMIF('02.08'!$L$4:$L$11,A39,'02.08'!$M$4:$M$11)+SUMIF('02.08'!$N$4:$N$11,A39,'02.08'!$O$4:$O$11) -> 0 | J39: =SUMIF('03.08'!$B$4:$B$11,A39,'03.08'!$C$4:$C$11)+SUMIF('03.08'!$D$4:$D$11,A39,'03.08'!$E$4:$E$11)+SUMIF('03.08'!$F$4:$F$11,A39,'03.08'!$G$4:$G$11)+SUMIF('03.08'!$H$4:$H$11,A39,'03.08'!$I$4:$I$11)+SUMIF('03.08'!$J$4:$J$11,A39,'03.08'!$K$4:$K$11)+SUMIF('03.08'!$L$4:$L$11,A39,'03.08'!$M$4:$M$11)+SUMIF('03.08'!$N$4:$N$11,A39,'03.08'!$O$4:$O$11) -> 0 | K39: =SUMIF('04.08'!$B$4:$B$11,A39,'04.08'!$C$4:$C$11)+SUMIF('04.08'!$D$4:$D$11,A39,'04.08'!$E$4:$E$11)+SUMIF('04.08'!$F$4:$F$11,A39,'04.08'!$G$4:$G$11)+SUMIF('04.08'!$H$4:$H$11,A39,'04.08'!$I$4:$I$11)+SUMIF('04.08'!$J$4:$J$11,A39,'04.08'!$K$4:$K$11)+SUMIF('04.08'!$L$4:$L$11,A39,'04.08'!$M$4:$M$11)+SUMIF('04.08'!$N$4:$N$11,A39,'04.08'!$O$4:$O$11) -> 0 | L39: =SUMIF('05.08'!$B$4:$B$11,A39,'05.08'!$C$4:$C$11)+SUMIF('05.08'!$D$4:$D$11,A39,'05.08'!$E$4:$E$11)+SUMIF('05.08'!$F$4:$F$11,A39,'05.08'!$G$4:$G$11)+SUMIF('05.08'!$H$4:$H$11,A39,'05.08'!$I$4:$I$11)+SUMIF('05.08'!$J$4:$J$11,A39,'05.08'!$K$4:$K$11)+SUMIF('05.08'!$L$4:$L$11,A39,'05.08'!$M$4:$M$11)+SUMIF('05.08'!$N$4:$N$11,A39,'05.08'!$O$4:$O$11) -> 0 | M39: =SUMIF('06.08'!$B$4:$B$11,A39,'06.08'!$C$4:$C$11)+SUMIF('06.08'!$D$4:$D$11,A39,'06.08'!$E$4:$E$11)+SUMIF('06.08'!$F$4:$F$11,A39,'06.08'!$G$4:$G$11)+SUMIF('06.08'!$H$4:$H$11,A39,'06.08'!$I$4:$I$11)+SUMIF('06.08'!$J$4:$J$11,A39,'06.08'!$K$4:$K$11)+SUMIF('06.08'!$L$4:$L$11,A39,'06.08'!$M$4:$M$11)+SUMIF('06.08'!$N$4:$N$11,A39,'06.08'!$O$4:$O$11) -> 0 | N39: =SUMIF('07.08'!$B$4:$B$11,A39,'07.08'!$C$4:$C$11)+SUMIF('07.08'!$D$4:$D$11,A39,'07.08'!$E$4:$E$11)+SUMIF('07.08'!$F$4:$F$11,A39,'07.08'!$G$4:$G$11)+SUMIF('07.08'!$H$4:$H$11,A39,'07.08'!$I$4:$I$11)+SUMIF('07.08'!$J$4:$J$11,A39,'07.08'!$K$4:$K$11)+SUMIF('07.08'!$L$4:$L$11,A39,'07.08'!$M$4:$M$11)+SUMIF('07.08'!$N$4:$N$11,A39,'07.08'!$O$4:$O$11) -> 0 | O39: =SUMIF('08.08'!$B$4:$B$11,A39,'08.08'!$C$4:$C$11)+SUMIF('08.08'!$D$4:$D$11,A39,'08.08'!$E$4:$E$11)+SUMIF('08.08'!$F$4:$F$11,A39,'08.08'!$G$4:$G$11)+SUMIF('08.08'!$H$4:$H$11,A39,'08.08'!$I$4:$I$11)+SUMIF('08.08'!$J$4:$J$11,A39,'08.08'!$K$4:$K$11)+SUMIF('08.08'!$L$4:$L$11,A39,'08.08'!$M$4:$M$11)+SUMIF('08.08'!$N$4:$N$11,A39,'08.08'!$O$4:$O$11) -> 0 | P39: =SUMIF('09.08'!$B$4:$B$11,A39,'09.08'!$C$4:$C$11)+SUMIF('09.08'!$D$4:$D$11,A39,'09.08'!$E$4:$E$11)+SUMIF('09.08'!$F$4:$F$11,A39,'09.08'!$G$4:$G$11)+SUMIF('09.08'!$H$4:$H$11,A39,'09.08'!$I$4:$I$11)+SUMIF('09.08'!$J$4:$J$11,A39,'09.08'!$K$4:$K$11)+SUMIF('09.08'!$L$4:$L$11,A39,'09.08'!$M$4:$M$11)+SUMIF('09.08'!$N$4:$N$11,A39,'09.08'!$O$4:$O$11) -> 0 | Q39: =SUMIF('10.08'!$B$4:$B$11,A39,'10.08'!$C$4:$C$11)+SUMIF('10.08'!$D$4:$D$11,A39,'10.08'!$E$4:$E$11)+SUMIF('10.08'!$F$4:$F$11,A39,'10.08'!$G$4:$G$11)+SUMIF('10.08'!$H$4:$H$11,A39,'10.08'!$I$4:$I$11)+SUMIF('10.08'!$J$4:$J$11,A39,'10.08'!$K$4:$K$11)+SUMIF('10.08'!$L$4:$L$11,A39,'10.08'!$M$4:$M$11)+SUMIF('10.08'!$N$4:$N$11,A39,'10.08'!$O$4:$O$11) -> 100 | R39: =SUMIF('11.08'!$B$4:$B$11,A39,'11.08'!$C$4:$C$11)+SUMIF('11.08'!$D$4:$D$11,A39,'11.08'!$E$4:$E$11)+SUMIF('11.08'!$F$4:$F$11,A39,'11.08'!$G$4:$G$11)+SUMIF('11.08'!$H$4:$H$11,A39,'11.08'!$I$4:$I$11)+SUMIF('11.08'!$J$4:$J$11,A39,'11.08'!$K$4:$K$11)+SUMIF('11.08'!$L$4:$L$11,A39,'11.08'!$M$4:$M$11)+SUMIF('11.08'!$N$4:$N$11,A39,'11.08'!$O$4:$O$11) -> #N/A
A40: ='список продуктов'!A50 -> Специи | B40: ='список продуктов'!B50 -> пачка | C40: 1500 | D40: ='список продуктов'!D50 | E40: ='список продуктов'!E50 -> Долгосрочный | F40: =SUM(I40:R40) -> #N/A | G40: =IFERROR(CEILING(F40/C40,1),"Введите занчения") -> Введите занчения | H40: =IFERROR(G40*D40,"Введите занчения") -> Введите занчения | I40: =SUMIF('02.08'!$B$4:$B$11,A40,'02.08'!$C$4:$C$11)+SUMIF('02.08'!$D$4:$D$11,A40,'02.08'!$E$4:$E$11)+SUMIF('02.08'!$F$4:$F$11,A40,'02.08'!$G$4:$G$11)+SUMIF('02.08'!$H$4:$H$11,A40,'02.08'!$I$4:$I$11)+SUMIF('02.08'!$J$4:$J$11,A40,'02.08'!$K$4:$K$11)+SUMIF('02.08'!$L$4:$L$11,A40,'02.08'!$M$4:$M$11)+SUMIF('02.08'!$N$4:$N$11,A40,'02.08'!$O$4:$O$11) -> 0 | J40: =SUMIF('03.08'!$B$4:$B$11,A40,'03.08'!$C$4:$C$11)+SUMIF('03.08'!$D$4:$D$11,A40,'03.08'!$E$4:$E$11)+SUMIF('03.08'!$F$4:$F$11,A40,'03.08'!$G$4:$G$11)+SUMIF('03.08'!$H$4:$H$11,A40,'03.08'!$I$4:$I$11)+SUMIF('03.08'!$J$4:$J$11,A40,'03.08'!$K$4:$K$11)+SUMIF('03.08'!$L$4:$L$11,A40,'03.08'!$M$4:$M$11)+SUMIF('03.08'!$N$4:$N$11,A40,'03.08'!$O$4:$O$11) -> 0 | K40: =SUMIF('04.08'!$B$4:$B$11,A40,'04.08'!$C$4:$C$11)+SUMIF('04.08'!$D$4:$D$11,A40,'04.08'!$E$4:$E$11)+SUMIF('04.08'!$F$4:$F$11,A40,'04.08'!$G$4:$G$11)+SUMIF('04.08'!$H$4:$H$11,A40,'04.08'!$I$4:$I$11)+SUMIF('04.08'!$J$4:$J$11,A40,'04.08'!$K$4:$K$11)+SUMIF('04.08'!$L$4:$L$11,A40,'04.08'!$M$4:$M$11)+SUMIF('04.08'!$N$4:$N$11,A40,'04.08'!$O$4:$O$11) -> 0 | L40: =SUMIF('05.08'!$B$4:$B$11,A40,'05.08'!$C$4:$C$11)+SUMIF('05.08'!$D$4:$D$11,A40,'05.08'!$E$4:$E$11)+SUMIF('05.08'!$F$4:$F$11,A40,'05.08'!$G$4:$G$11)+SUMIF('05.08'!$H$4:$H$11,A40,'05.08'!$I$4:$I$11)+SUMIF('05.08'!$J$4:$J$11,A40,'05.08'!$K$4:$K$11)+SUMIF('05.08'!$L$4:$L$11,A40,'05.08'!$M$4:$M$11)+SUMIF('05.08'!$N$4:$N$11,A40,'05.08'!$O$4:$O$11) -> 0 | M40: =SUMIF('06.08'!$B$4:$B$11,A40,'06.08'!$C$4:$C$11)+SUMIF('06.08'!$D$4:$D$11,A40,'06.08'!$E$4:$E$11)+SUMIF('06.08'!$F$4:$F$11,A40,'06.08'!$G$4:$G$11)+SUMIF('06.08'!$H$4:$H$11,A40,'06.08'!$I$4:$I$11)+SUMIF('06.08'!$J$4:$J$11,A40,'06.08'!$K$4:$K$11)+SUMIF('06.08'!$L$4:$L$11,A40,'06.08'!$M$4:$M$11)+SUMIF('06.08'!$N$4:$N$11,A40,'06.08'!$O$4:$O$11) -> 0 | N40: =SUMIF('07.08'!$B$4:$B$11,A40,'07.08'!$C$4:$C$11)+SUMIF('07.08'!$D$4:$D$11,A40,'07.08'!$E$4:$E$11)+SUMIF('07.08'!$F$4:$F$11,A40,'07.08'!$G$4:$G$11)+SUMIF('07.08'!$H$4:$H$11,A40,'07.08'!$I$4:$I$11)+SUMIF('07.08'!$J$4:$J$11,A40,'07.08'!$K$4:$K$11)+SUMIF('07.08'!$L$4:$L$11,A40,'07.08'!$M$4:$M$11)+SUMIF('07.08'!$N$4:$N$11,A40,'07.08'!$O$4:$O$11) -> 0 | O40: =SUMIF('08.08'!$B$4:$B$11,A40,'08.08'!$C$4:$C$11)+SUMIF('08.08'!$D$4:$D$11,A40,'08.08'!$E$4:$E$11)+SUMIF('08.08'!$F$4:$F$11,A40,'08.08'!$G$4:$G$11)+SUMIF('08.08'!$H$4:$H$11,A40,'08.08'!$I$4:$I$11)+SUMIF('08.08'!$J$4:$J$11,A40,'08.08'!$K$4:$K$11)+SUMIF('08.08'!$L$4:$L$11,A40,'08.08'!$M$4:$M$11)+SUMIF('08.08'!$N$4:$N$11,A40,'08.08'!$O$4:$O$11) -> 0 | P40: =SUMIF('09.08'!$B$4:$B$11,A40,'09.08'!$C$4:$C$11)+SUMIF('09.08'!$D$4:$D$11,A40,'09.08'!$E$4:$E$11)+SUMIF('09.08'!$F$4:$F$11,A40,'09.08'!$G$4:$G$11)+SUMIF('09.08'!$H$4:$H$11,A40,'09.08'!$I$4:$I$11)+SUMIF('09.08'!$J$4:$J$11,A40,'09.08'!$K$4:$K$11)+SUMIF('09.08'!$L$4:$L$11,A40,'09.08'!$M$4:$M$11)+SUMIF('09.08'!$N$4:$N$11,A40,'09.08'!$O$4:$O$11) -> 0 | Q40: =SUMIF('10.08'!$B$4:$B$11,A40,'10.08'!$C$4:$C$11)+SUMIF('10.08'!$D$4:$D$11,A40,'10.08'!$E$4:$E$11)+SUMIF('10.08'!$F$4:$F$11,A40,'10.08'!$G$4:$G$11)+SUMIF('10.08'!$H$4:$H$11,A40,'10.08'!$I$4:$I$11)+SUMIF('10.08'!$J$4:$J$11,A40,'10.08'!$K$4:$K$11)+SUMIF('10.08'!$L$4:$L$11,A40,'10.08'!$M$4:$M$11)+SUMIF('10.08'!$N$4:$N$11,A40,'10.08'!$O$4:$O$11) -> 120 | R40: =SUMIF('11.08'!$B$4:$B$11,A40,'11.08'!$C$4:$C$11)+SUMIF('11.08'!$D$4:$D$11,A40,'11.08'!$E$4:$E$11)+SUMIF('11.08'!$F$4:$F$11,A40,'11.08'!$G$4:$G$11)+SUMIF('11.08'!$H$4:$H$11,A40,'11.08'!$I$4:$I$11)+SUMIF('11.08'!$J$4:$J$11,A40,'11.08'!$K$4:$K$11)+SUMIF('11.08'!$L$4:$L$11,A40,'11.08'!$M$4:$M$11)+SUMIF('11.08'!$N$4:$N$11,A40,'11.08'!$O$4:$O$11) -> #N/A
A41: ='список продуктов'!A53 -> Томатная паста | B41: ='список продуктов'!B53 -> банка | C41: ='список продуктов'!C53 | D41: ='список продуктов'!D53 | E41: ='список продуктов'!E53 -> Долгосрочный | F41: =SUM(I41:R41) -> #N/A | G41: =IFERROR(CEILING(F41/C41,1),"Введите занчения") -> Введите занчения | H41: =IFERROR(G41*D41,"Введите занчения") -> Введите занчения | I41: =SUMIF('02.08'!$B$4:$B$11,A41,'02.08'!$C$4:$C$11)+SUMIF('02.08'!$D$4:$D$11,A41,'02.08'!$E$4:$E$11)+SUMIF('02.08'!$F$4:$F$11,A41,'02.08'!$G$4:$G$11)+SUMIF('02.08'!$H$4:$H$11,A41,'02.08'!$I$4:$I$11)+SUMIF('02.08'!$J$4:$J$11,A41,'02.08'!$K$4:$K$11)+SUMIF('02.08'!$L$4:$L$11,A41,'02.08'!$M$4:$M$11)+SUMIF('02.08'!$N$4:$N$11,A41,'02.08'!$O$4:$O$11) -> 0 | J41: =SUMIF('03.08'!$B$4:$B$11,A41,'03.08'!$C$4:$C$11)+SUMIF('03.08'!$D$4:$D$11,A41,'03.08'!$E$4:$E$11)+SUMIF('03.08'!$F$4:$F$11,A41,'03.08'!$G$4:$G$11)+SUMIF('03.08'!$H$4:$H$11,A41,'03.08'!$I$4:$I$11)+SUMIF('03.08'!$J$4:$J$11,A41,'03.08'!$K$4:$K$11)+SUMIF('03.08'!$L$4:$L$11,A41,'03.08'!$M$4:$M$11)+SUMIF('03.08'!$N$4:$N$11,A41,'03.08'!$O$4:$O$11) -> 0 | K41: =SUMIF('04.08'!$B$4:$B$11,A41,'04.08'!$C$4:$C$11)+SUMIF('04.08'!$D$4:$D$11,A41,'04.08'!$E$4:$E$11)+SUMIF('04.08'!$F$4:$F$11,A41,'04.08'!$G$4:$G$11)+SUMIF('04.08'!$H$4:$H$11,A41,'04.08'!$I$4:$I$11)+SUMIF('04.08'!$J$4:$J$11,A41,'04.08'!$K$4:$K$11)+SUMIF('04.08'!$L$4:$L$11,A41,'04.08'!$M$4:$M$11)+SUMIF('04.08'!$N$4:$N$11,A41,'04.08'!$O$4:$O$11) -> 0 | L41: =SUMIF('05.08'!$B$4:$B$11,A41,'05.08'!$C$4:$C$11)+SUMIF('05.08'!$D$4:$D$11,A41,'05.08'!$E$4:$E$11)+SUMIF('05.08'!$F$4:$F$11,A41,'05.08'!$G$4:$G$11)+SUMIF('05.08'!$H$4:$H$11,A41,'05.08'!$I$4:$I$11)+SUMIF('05.08'!$J$4:$J$11,A41,'05.08'!$K$4:$K$11)+SUMIF('05.08'!$L$4:$L$11,A41,'05.08'!$M$4:$M$11)+SUMIF('05.08'!$N$4:$N$11,A41,'05.08'!$O$4:$O$11) -> 0 | M41: =SUMIF('06.08'!$B$4:$B$11,A41,'06.08'!$C$4:$C$11)+SUMIF('06.08'!$D$4:$D$11,A41,'06.08'!$E$4:$E$11)+SUMIF('06.08'!$F$4:$F$11,A41,'06.08'!$G$4:$G$11)+SUMIF('06.08'!$H$4:$H$11,A41,'06.08'!$I$4:$I$11)+SUMIF('06.08'!$J$4:$J$11,A41,'06.08'!$K$4:$K$11)+SUMIF('06.08'!$L$4:$L$11,A41,'06.08'!$M$4:$M$11)+SUMIF('06.08'!$N$4:$N$11,A41,'06.08'!$O$4:$O$11) -> 0 | N41: =SUMIF('07.08'!$B$4:$B$11,A41,'07.08'!$C$4:$C$11)+SUMIF('07.08'!$D$4:$D$11,A41,'07.08'!$E$4:$E$11)+SUMIF('07.08'!$F$4:$F$11,A41,'07.08'!$G$4:$G$11)+SUMIF('07.08'!$H$4:$H$11,A41,'07.08'!$I$4:$I$11)+SUMIF('07.08'!$J$4:$J$11,A41,'07.08'!$K$4:$K$11)+SUMIF('07.08'!$L$4:$L$11,A41,'07.08'!$M$4:$M$11)+SUMIF('07.08'!$N$4:$N$11,A41,'07.08'!$O$4:$O$11) -> 0 | O41: =SUMIF('08.08'!$B$4:$B$11,A41,'08.08'!$C$4:$C$11)+SUMIF('08.08'!$D$4:$D$11,A41,'08.08'!$E$4:$E$11)+SUMIF('08.08'!$F$4:$F$11,A41,'08.08'!$G$4:$G$11)+SUMIF('08.08'!$H$4:$H$11,A41,'08.08'!$I$4:$I$11)+SUMIF('08.08'!$J$4:$J$11,A41,'08.08'!$K$4:$K$11)+SUMIF('08.08'!$L$4:$L$11,A41,'08.08'!$M$4:$M$11)+SUMIF('08.08'!$N$4:$N$11,A41,'08.08'!$O$4:$O$11) -> 0 | P41: =SUMIF('09.08'!$B$4:$B$11,A41,'09.08'!$C$4:$C$11)+SUMIF('09.08'!$D$4:$D$11,A41,'09.08'!$E$4:$E$11)+SUMIF('09.08'!$F$4:$F$11,A41,'09.08'!$G$4:$G$11)+SUMIF('09.08'!$H$4:$H$11,A41,'09.08'!$I$4:$I$11)+SUMIF('09.08'!$J$4:$J$11,A41,'09.08'!$K$4:$K$11)+SUMIF('09.08'!$L$4:$L$11,A41,'09.08'!$M$4:$M$11)+SUMIF('09.08'!$N$4:$N$11,A41,'09.08'!$O$4:$O$11) -> 0 | Q41: =SUMIF('10.08'!$B$4:$B$11,A41,'10.08'!$C$4:$C$11)+SUMIF('10.08'!$D$4:$D$11,A41,'10.08'!$E$4:$E$11)+SUMIF('10.08'!$F$4:$F$11,A41,'10.08'!$G$4:$G$11)+SUMIF('10.08'!$H$4:$H$11,A41,'10.08'!$I$4:$I$11)+SUMIF('10.08'!$J$4:$J$11,A41,'10.08'!$K$4:$K$11)+SUMIF('10.08'!$L$4:$L$11,A41,'10.08'!$M$4:$M$11)+SUMIF('10.08'!$N$4:$N$11,A41,'10.08'!$O$4:$O$11) -> 0 | R41: =SUMIF('11.08'!$B$4:$B$11,A41,'11.08'!$C$4:$C$11)+SUMIF('11.08'!$D$4:$D$11,A41,'11.08'!$E$4:$E$11)+SUMIF('11.08'!$F$4:$F$11,A41,'11.08'!$G$4:$G$11)+SUMIF('11.08'!$H$4:$H$11,A41,'11.08'!$I$4:$I$11)+SUMIF('11.08'!$J$4:$J$11,A41,'11.08'!$K$4:$K$11)+SUMIF('11.08'!$L$4:$L$11,A41,'11.08'!$M$4:$M$11)+SUMIF('11.08'!$N$4:$N$11,A41,'11.08'!$O$4:$O$11) -> #N/A
A42: ='список продуктов'!A54 -> Укроп | B42: ='список продуктов'!B54 -> упаковка | C42: ='список продуктов'!C54 | D42: ='список продуктов'!D54 | E42: ='список продуктов'!E54 -> Краткосрочный | F42: =SUM(I42:R42) -> #N/A | G42: =IFERROR(CEILING(F42/C42,1),"Введите занчения") -> Введите занчения | H42: =IFERROR(G42*D42,"Введите занчения") -> Введите занчения | I42: =SUMIF('02.08'!$B$4:$B$11,A42,'02.08'!$C$4:$C$11)+SUMIF('02.08'!$D$4:$D$11,A42,'02.08'!$E$4:$E$11)+SUMIF('02.08'!$F$4:$F$11,A42,'02.08'!$G$4:$G$11)+SUMIF('02.08'!$H$4:$H$11,A42,'02.08'!$I$4:$I$11)+SUMIF('02.08'!$J$4:$J$11,A42,'02.08'!$K$4:$K$11)+SUMIF('02.08'!$L$4:$L$11,A42,'02.08'!$M$4:$M$11)+SUMIF('02.08'!$N$4:$N$11,A42,'02.08'!$O$4:$O$11) -> 0 | J42: =SUMIF('03.08'!$B$4:$B$11,A42,'03.08'!$C$4:$C$11)+SUMIF('03.08'!$D$4:$D$11,A42,'03.08'!$E$4:$E$11)+SUMIF('03.08'!$F$4:$F$11,A42,'03.08'!$G$4:$G$11)+SUMIF('03.08'!$H$4:$H$11,A42,'03.08'!$I$4:$I$11)+SUMIF('03.08'!$J$4:$J$11,A42,'03.08'!$K$4:$K$11)+SUMIF('03.08'!$L$4:$L$11,A42,'03.08'!$M$4:$M$11)+SUMIF('03.08'!$N$4:$N$11,A42,'03.08'!$O$4:$O$11) -> 0 | K42: =SUMIF('04.08'!$B$4:$B$11,A42,'04.08'!$C$4:$C$11)+SUMIF('04.08'!$D$4:$D$11,A42,'04.08'!$E$4:$E$11)+SUMIF('04.08'!$F$4:$F$11,A42,'04.08'!$G$4:$G$11)+SUMIF('04.08'!$H$4:$H$11,A42,'04.08'!$I$4:$I$11)+SUMIF('04.08'!$J$4:$J$11,A42,'04.08'!$K$4:$K$11)+SUMIF('04.08'!$L$4:$L$11,A42,'04.08'!$M$4:$M$11)+SUMIF('04.08'!$N$4:$N$11,A42,'04.08'!$O$4:$O$11) -> 0 | L42: =SUMIF('05.08'!$B$4:$B$11,A42,'05.08'!$C$4:$C$11)+SUMIF('05.08'!$D$4:$D$11,A42,'05.08'!$E$4:$E$11)+SUMIF('05.08'!$F$4:$F$11,A42,'05.08'!$G$4:$G$11)+SUMIF('05.08'!$H$4:$H$11,A42,'05.08'!$I$4:$I$11)+SUMIF('05.08'!$J$4:$J$11,A42,'05.08'!$K$4:$K$11)+SUMIF('05.08'!$L$4:$L$11,A42,'05.08'!$M$4:$M$11)+SUMIF('05.08'!$N$4:$N$11,A42,'05.08'!$O$4:$O$11) -> 0 | M42: =SUMIF('06.08'!$B$4:$B$11,A42,'06.08'!$C$4:$C$11)+SUMIF('06.08'!$D$4:$D$11,A42,'06.08'!$E$4:$E$11)+SUMIF('06.08'!$F$4:$F$11,A42,'06.08'!$G$4:$G$11)+SUMIF('06.08'!$H$4:$H$11,A42,'06.08'!$I$4:$I$11)+SUMIF('06.08'!$J$4:$J$11,A42,'06.08'!$K$4:$K$11)+SUMIF('06.08'!$L$4:$L$11,A42,'06.08'!$M$4:$M$11)+SUMIF('06.08'!$N$4:$N$11,A42,'06.08'!$O$4:$O$11) -> 0 | N42: =SUMIF('07.08'!$B$4:$B$11,A42,'07.08'!$C$4:$C$11)+SUMIF('07.08'!$D$4:$D$11,A42,'07.08'!$E$4:$E$11)+SUMIF('07.08'!$F$4:$F$11,A42,'07.08'!$G$4:$G$11)+SUMIF('07.08'!$H$4:$H$11,A42,'07.08'!$I$4:$I$11)+SUMIF('07.08'!$J$4:$J$11,A42,'07.08'!$K$4:$K$11)+SUMIF('07.08'!$L$4:$L$11,A42,'07.08'!$M$4:$M$11)+SUMIF('07.08'!$N$4:$N$11,A42,'07.08'!$O$4:$O$11) -> 0 | O42: =SUMIF('08.08'!$B$4:$B$11,A42,'08.08'!$C$4:$C$11)+SUMIF('08.08'!$D$4:$D$11,A42,'08.08'!$E$4:$E$11)+SUMIF('08.08'!$F$4:$F$11,A42,'08.08'!$G$4:$G$11)+SUMIF('08.08'!$H$4:$H$11,A42,'08.08'!$I$4:$I$11)+SUMIF('08.08'!$J$4:$J$11,A42,'08.08'!$K$4:$K$11)+SUMIF('08.08'!$L$4:$L$11,A42,'08.08'!$M$4:$M$11)+SUMIF('08.08'!$N$4:$N$11,A42,'08.08'!$O$4:$O$11) -> 0 | P42: =SUMIF('09.08'!$B$4:$B$11,A42,'09.08'!$C$4:$C$11)+SUMIF('09.08'!$D$4:$D$11,A42,'09.08'!$E$4:$E$11)+SUMIF('09.08'!$F$4:$F$11,A42,'09.08'!$G$4:$G$11)+SUMIF('09.08'!$H$4:$H$11,A42,'09.08'!$I$4:$I$11)+SUMIF('09.08'!$J$4:$J$11,A42,'09.08'!$K$4:$K$11)+SUMIF('09.08'!$L$4:$L$11,A42,'09.08'!$M$4:$M$11)+SUMIF('09.08'!$N$4:$N$11,A42,'09.08'!$O$4:$O$11) -> 0 | Q42: =SUMIF('10.08'!$B$4:$B$11,A42,'10.08'!$C$4:$C$11)+SUMIF('10.08'!$D$4:$D$11,A42,'10.08'!$E$4:$E$11)+SUMIF('10.08'!$F$4:$F$11,A42,'10.08'!$G$4:$G$11)+SUMIF('10.08'!$H$4:$H$11,A42,'10.08'!$I$4:$I$11)+SUMIF('10.08'!$J$4:$J$11,A42,'10.08'!$K$4:$K$11)+SUMIF('10.08'!$L$4:$L$11,A42,'10.08'!$M$4:$M$11)+SUMIF('10.08'!$N$4:$N$11,A42,'10.08'!$O$4:$O$11) -> 0 | R42: =SUMIF('11.08'!$B$4:$B$11,A42,'11.08'!$C$4:$C$11)+SUMIF('11.08'!$D$4:$D$11,A42,'11.08'!$E$4:$E$11)+SUMIF('11.08'!$F$4:$F$11,A42,'11.08'!$G$4:$G$11)+SUMIF('11.08'!$H$4:$H$11,A42,'11.08'!$I$4:$I$11)+SUMIF('11.08'!$J$4:$J$11,A42,'11.08'!$K$4:$K$11)+SUMIF('11.08'!$L$4:$L$11,A42,'11.08'!$M$4:$M$11)+SUMIF('11.08'!$N$4:$N$11,A42,'11.08'!$O$4:$O$11) -> #N/A
A43: ='список продуктов'!A56 -> Фасоль | B43: ='список продуктов'!B56 -> банка | C43: ='список продуктов'!C56 | D43: ='список продуктов'!D56 | E43: ='список продуктов'!E56 -> Долгосрочный | F43: =SUM(I43:R43) -> #N/A | G43: =IFERROR(CEILING(F43/C43,1),"Введите занчения") -> Введите занчения | H43: =IFERROR(G43*D43,"Введите занчения") -> Введите занчения | I43: =SUMIF('02.08'!$B$4:$B$11,A43,'02.08'!$C$4:$C$11)+SUMIF('02.08'!$D$4:$D$11,A43,'02.08'!$E$4:$E$11)+SUMIF('02.08'!$F$4:$F$11,A43,'02.08'!$G$4:$G$11)+SUMIF('02.08'!$H$4:$H$11,A43,'02.08'!$I$4:$I$11)+SUMIF('02.08'!$J$4:$J$11,A43,'02.08'!$K$4:$K$11)+SUMIF('02.08'!$L$4:$L$11,A43,'02.08'!$M$4:$M$11)+SUMIF('02.08'!$N$4:$N$11,A43,'02.08'!$O$4:$O$11) -> 0 | J43: =SUMIF('03.08'!$B$4:$B$11,A43,'03.08'!$C$4:$C$11)+SUMIF('03.08'!$D$4:$D$11,A43,'03.08'!$E$4:$E$11)+SUMIF('03.08'!$F$4:$F$11,A43,'03.08'!$G$4:$G$11)+SUMIF('03.08'!$H$4:$H$11,A43,'03.08'!$I$4:$I$11)+SUMIF('03.08'!$J$4:$J$11,A43,'03.08'!$K$4:$K$11)+SUMIF('03.08'!$L$4:$L$11,A43,'03.08'!$M$4:$M$11)+SUMIF('03.08'!$N$4:$N$11,A43,'03.08'!$O$4:$O$11) -> 0 | K43: =SUMIF('04.08'!$B$4:$B$11,A43,'04.08'!$C$4:$C$11)+SUMIF('04.08'!$D$4:$D$11,A43,'04.08'!$E$4:$E$11)+SUMIF('04.08'!$F$4:$F$11,A43,'04.08'!$G$4:$G$11)+SUMIF('04.08'!$H$4:$H$11,A43,'04.08'!$I$4:$I$11)+SUMIF('04.08'!$J$4:$J$11,A43,'04.08'!$K$4:$K$11)+SUMIF('04.08'!$L$4:$L$11,A43,'04.08'!$M$4:$M$11)+SUMIF('04.08'!$N$4:$N$11,A43,'04.08'!$O$4:$O$11) -> 0 | L43: =SUMIF('05.08'!$B$4:$B$11,A43,'05.08'!$C$4:$C$11)+SUMIF('05.08'!$D$4:$D$11,A43,'05.08'!$E$4:$E$11)+SUMIF('05.08'!$F$4:$F$11,A43,'05.08'!$G$4:$G$11)+SUMIF('05.08'!$H$4:$H$11,A43,'05.08'!$I$4:$I$11)+SUMIF('05.08'!$J$4:$J$11,A43,'05.08'!$K$4:$K$11)+SUMIF('05.08'!$L$4:$L$11,A43,'05.08'!$M$4:$M$11)+SUMIF('05.08'!$N$4:$N$11,A43,'05.08'!$O$4:$O$11) -> 0 | M43: =SUMIF('06.08'!$B$4:$B$11,A43,'06.08'!$C$4:$C$11)+SUMIF('06.08'!$D$4:$D$11,A43,'06.08'!$E$4:$E$11)+SUMIF('06.08'!$F$4:$F$11,A43,'06.08'!$G$4:$G$11)+SUMIF('06.08'!$H$4:$H$11,A43,'06.08'!$I$4:$I$11)+SUMIF('06.08'!$J$4:$J$11,A43,'06.08'!$K$4:$K$11)+SUMIF('06.08'!$L$4:$L$11,A43,'06.08'!$M$4:$M$11)+SUMIF('06.08'!$N$4:$N$11,A43,'06.08'!$O$4:$O$11) -> 0 | N43: =SUMIF('07.08'!$B$4:$B$11,A43,'07.08'!$C$4:$C$11)+SUMIF('07.08'!$D$4:$D$11,A43,'07.08'!$E$4:$E$11)+SUMIF('07.08'!$F$4:$F$11,A43,'07.08'!$G$4:$G$11)+SUMIF('07.08'!$H$4:$H$11,A43,'07.08'!$I$4:$I$11)+SUMIF('07.08'!$J$4:$J$11,A43,'07.08'!$K$4:$K$11)+SUMIF('07.08'!$L$4:$L$11,A43,'07.08'!$M$4:$M$11)+SUMIF('07.08'!$N$4:$N$11,A43,'07.08'!$O$4:$O$11) -> 0 | O43: =SUMIF('08.08'!$B$4:$B$11,A43,'08.08'!$C$4:$C$11)+SUMIF('08.08'!$D$4:$D$11,A43,'08.08'!$E$4:$E$11)+SUMIF('08.08'!$F$4:$F$11,A43,'08.08'!$G$4:$G$11)+SUMIF('08.08'!$H$4:$H$11,A43,'08.08'!$I$4:$I$11)+SUMIF('08.08'!$J$4:$J$11,A43,'08.08'!$K$4:$K$11)+SUMIF('08.08'!$L$4:$L$11,A43,'08.08'!$M$4:$M$11)+SUMIF('08.08'!$N$4:$N$11,A43,'08.08'!$O$4:$O$11) -> 0 | P43: =SUMIF('09.08'!$B$4:$B$11,A43,'09.08'!$C$4:$C$11)+SUMIF('09.08'!$D$4:$D$11,A43,'09.08'!$E$4:$E$11)+SUMIF('09.08'!$F$4:$F$11,A43,'09.08'!$G$4:$G$11)+SUMIF('09.08'!$H$4:$H$11,A43,'09.08'!$I$4:$I$11)+SUMIF('09.08'!$J$4:$J$11,A43,'09.08'!$K$4:$K$11)+SUMIF('09.08'!$L$4:$L$11,A43,'09.08'!$M$4:$M$11)+SUMIF('09.08'!$N$4:$N$11,A43,'09.08'!$O$4:$O$11) -> 0 | Q43: =SUMIF('10.08'!$B$4:$B$11,A43,'10.08'!$C$4:$C$11)+SUMIF('10.08'!$D$4:$D$11,A43,'10.08'!$E$4:$E$11)+SUMIF('10.08'!$F$4:$F$11,A43,'10.08'!$G$4:$G$11)+SUMIF('10.08'!$H$4:$H$11,A43,'10.08'!$I$4:$I$11)+SUMIF('10.08'!$J$4:$J$11,A43,'10.08'!$K$4:$K$11)+SUMIF('10.08'!$L$4:$L$11,A43,'10.08'!$M$4:$M$11)+SUMIF('10.08'!$N$4:$N$11,A43,'10.08'!$O$4:$O$11) -> 0 | R43: =SUMIF('11.08'!$B$4:$B$11,A43,'11.08'!$C$4:$C$11)+SUMIF('11.08'!$D$4:$D$11,A43,'11.08'!$E$4:$E$11)+SUMIF('11.08'!$F$4:$F$11,A43,'11.08'!$G$4:$G$11)+SUMIF('11.08'!$H$4:$H$11,A43,'11.08'!$I$4:$I$11)+SUMIF('11.08'!$J$4:$J$11,A43,'11.08'!$K$4:$K$11)+SUMIF('11.08'!$L$4:$L$11,A43,'11.08'!$M$4:$M$11)+SUMIF('11.08'!$N$4:$N$11,A43,'11.08'!$O$4:$O$11) -> #N/A
A44: ='список продуктов'!A57 -> Хлеб | B44: ='список продуктов'!B57 -> батон | C44: ='список продуктов'!C57 | D44: ='список продуктов'!D57 | E44: ='список продуктов'!E57 -> Краткосрочный | F44: =SUM(I44:R44) -> #N/A | G44: =IFERROR(CEILING(F44/C44,1),"Введите занчения") -> Введите занчения | H44: =IFERROR(G44*D44,"Введите занчения") -> Введите занчения | I44: =SUMIF('02.08'!$B$4:$B$11,A44,'02.08'!$C$4:$C$11)+SUMIF('02.08'!$D$4:$D$11,A44,'02.08'!$E$4:$E$11)+SUMIF('02.08'!$F$4:$F$11,A44,'02.08'!$G$4:$G$11)+SUMIF('02.08'!$H$4:$H$11,A44,'02.08'!$I$4:$I$11)+SUMIF('02.08'!$J$4:$J$11,A44,'02.08'!$K$4:$K$11)+SUMIF('02.08'!$L$4:$L$11,A44,'02.08'!$M$4:$M$11)+SUMIF('02.08'!$N$4:$N$11,A44,'02.08'!$O$4:$O$11) -> 0 | J44: =SUMIF('03.08'!$B$4:$B$11,A44,'03.08'!$C$4:$C$11)+SUMIF('03.08'!$D$4:$D$11,A44,'03.08'!$E$4:$E$11)+SUMIF('03.08'!$F$4:$F$11,A44,'03.08'!$G$4:$G$11)+SUMIF('03.08'!$H$4:$H$11,A44,'03.08'!$I$4:$I$11)+SUMIF('03.08'!$J$4:$J$11,A44,'03.08'!$K$4:$K$11)+SUMIF('03.08'!$L$4:$L$11,A44,'03.08'!$M$4:$M$11)+SUMIF('03.08'!$N$4:$N$11,A44,'03.08'!$O$4:$O$11) -> 0 | K44: =SUMIF('04.08'!$B$4:$B$11,A44,'04.08'!$C$4:$C$11)+SUMIF('04.08'!$D$4:$D$11,A44,'04.08'!$E$4:$E$11)+SUMIF('04.08'!$F$4:$F$11,A44,'04.08'!$G$4:$G$11)+SUMIF('04.08'!$H$4:$H$11,A44,'04.08'!$I$4:$I$11)+SUMIF('04.08'!$J$4:$J$11,A44,'04.08'!$K$4:$K$11)+SUMIF('04.08'!$L$4:$L$11,A44,'04.08'!$M$4:$M$11)+SUMIF('04.08'!$N$4:$N$11,A44,'04.08'!$O$4:$O$11) -> 0 | L44: =SUMIF('05.08'!$B$4:$B$11,A44,'05.08'!$C$4:$C$11)+SUMIF('05.08'!$D$4:$D$11,A44,'05.08'!$E$4:$E$11)+SUMIF('05.08'!$F$4:$F$11,A44,'05.08'!$G$4:$G$11)+SUMIF('05.08'!$H$4:$H$11,A44,'05.08'!$I$4:$I$11)+SUMIF('05.08'!$J$4:$J$11,A44,'05.08'!$K$4:$K$11)+SUMIF('05.08'!$L$4:$L$11,A44,'05.08'!$M$4:$M$11)+SUMIF('05.08'!$N$4:$N$11,A44,'05.08'!$O$4:$O$11) -> 0 | M44: =SUMIF('06.08'!$B$4:$B$11,A44,'06.08'!$C$4:$C$11)+SUMIF('06.08'!$D$4:$D$11,A44,'06.08'!$E$4:$E$11)+SUMIF('06.08'!$F$4:$F$11,A44,'06.08'!$G$4:$G$11)+SUMIF('06.08'!$H$4:$H$11,A44,'06.08'!$I$4:$I$11)+SUMIF('06.08'!$J$4:$J$11,A44,'06.08'!$K$4:$K$11)+SUMIF('06.08'!$L$4:$L$11,A44,'06.08'!$M$4:$M$11)+SUMIF('06.08'!$N$4:$N$11,A44,'06.08'!$O$4:$O$11) -> 0 | N44: =SUMIF('07.08'!$B$4:$B$11,A44,'07.08'!$C$4:$C$11)+SUMIF('07.08'!$D$4:$D$11,A44,'07.08'!$E$4:$E$11)+SUMIF('07.08'!$F$4:$F$11,A44,'07.08'!$G$4:$G$11)+SUMIF('07.08'!$H$4:$H$11,A44,'07.08'!$I$4:$I$11)+SUMIF('07.08'!$J$4:$J$11,A44,'07.08'!$K$4:$K$11)+SUMIF('07.08'!$L$4:$L$11,A44,'07.08'!$M$4:$M$11)+SUMIF('07.08'!$N$4:$N$11,A44,'07.08'!$O$4:$O$11) -> 0 | O44: =SUMIF('08.08'!$B$4:$B$11,A44,'08.08'!$C$4:$C$11)+SUMIF('08.08'!$D$4:$D$11,A44,'08.08'!$E$4:$E$11)+SUMIF('08.08'!$F$4:$F$11,A44,'08.08'!$G$4:$G$11)+SUMIF('08.08'!$H$4:$H$11,A44,'08.08'!$I$4:$I$11)+SUMIF('08.08'!$J$4:$J$11,A44,'08.08'!$K$4:$K$11)+SUMIF('08.08'!$L$4:$L$11,A44,'08.08'!$M$4:$M$11)+SUMIF('08.08'!$N$4:$N$11,A44,'08.08'!$O$4:$O$11) -> 0 | P44: =SUMIF('09.08'!$B$4:$B$11,A44,'09.08'!$C$4:$C$11)+SUMIF('09.08'!$D$4:$D$11,A44,'09.08'!$E$4:$E$11)+SUMIF('09.08'!$F$4:$F$11,A44,'09.08'!$G$4:$G$11)+SUMIF('09.08'!$H$4:$H$11,A44,'09.08'!$I$4:$I$11)+SUMIF('09.08'!$J$4:$J$11,A44,'09.08'!$K$4:$K$11)+SUMIF('09.08'!$L$4:$L$11,A44,'09.08'!$M$4:$M$11)+SUMIF('09.08'!$N$4:$N$11,A44,'09.08'!$O$4:$O$11) -> 0 | Q44: =SUMIF('10.08'!$B$4:$B$11,A44,'10.08'!$C$4:$C$11)+SUMIF('10.08'!$D$4:$D$11,A44,'10.08'!$E$4:$E$11)+SUMIF('10.08'!$F$4:$F$11,A44,'10.08'!$G$4:$G$11)+SUMIF('10.08'!$H$4:$H$11,A44,'10.08'!$I$4:$I$11)+SUMIF('10.08'!$J$4:$J$11,A44,'10.08'!$K$4:$K$11)+SUMIF('10.08'!$L$4:$L$11,A44,'10.08'!$M$4:$M$11)+SUMIF('10.08'!$N$4:$N$11,A44,'10.08'!$O$4:$O$11) -> 2400 | R44: =SUMIF('11.08'!$B$4:$B$11,A44,'11.08'!$C$4:$C$11)+SUMIF('11.08'!$D$4:$D$11,A44,'11.08'!$E$4:$E$11)+SUMIF('11.08'!$F$4:$F$11,A44,'11.08'!$G$4:$G$11)+SUMIF('11.08'!$H$4:$H$11,A44,'11.08'!$I$4:$I$11)+SUMIF('11.08'!$J$4:$J$11,A44,'11.08'!$K$4:$K$11)+SUMIF('11.08'!$L$4:$L$11,A44,'11.08'!$M$4:$M$11)+SUMIF('11.08'!$N$4:$N$11,A44,'11.08'!$O$4:$O$11) -> #N/A
A45: ='список продуктов'!A62 -> Яблоки (и др сезонные фрукты) | B45: ='список продуктов'!B62 -> кг | C45: ='список продуктов'!C62 -> 1000 | D45: ='список продуктов'!D62 | E45: ='список продуктов'!E62 -> Краткосрочный | F45: =SUM(I45:R45) -> #N/A | G45: =IFERROR(CEILING(F45/C45,1),"Введите занчения") -> Введите занчения | H45: =IFERROR(G45*D45,"Введите занчения") -> Введите занчения | I45: =SUMIF('02.08'!$B$4:$B$11,A45,'02.08'!$C$4:$C$11)+SUMIF('02.08'!$D$4:$D$11,A45,'02.08'!$E$4:$E$11)+SUMIF('02.08'!$F$4:$F$11,A45,'02.08'!$G$4:$G$11)+SUMIF('02.08'!$H$4:$H$11,A45,'02.08'!$I$4:$I$11)+SUMIF('02.08'!$J$4:$J$11,A45,'02.08'!$K$4:$K$11)+SUMIF('02.08'!$L$4:$L$11,A45,'02.08'!$M$4:$M$11)+SUMIF('02.08'!$N$4:$N$11,A45,'02.08'!$O$4:$O$11) -> 0 | J45: =SUMIF('03.08'!$B$4:$B$11,A45,'03.08'!$C$4:$C$11)+SUMIF('03.08'!$D$4:$D$11,A45,'03.08'!$E$4:$E$11)+SUMIF('03.08'!$F$4:$F$11,A45,'03.08'!$G$4:$G$11)+SUMIF('03.08'!$H$4:$H$11,A45,'03.08'!$I$4:$I$11)+SUMIF('03.08'!$J$4:$J$11,A45,'03.08'!$K$4:$K$11)+SUMIF('03.08'!$L$4:$L$11,A45,'03.08'!$M$4:$M$11)+SUMIF('03.08'!$N$4:$N$11,A45,'03.08'!$O$4:$O$11) -> 0 | K45: =SUMIF('04.08'!$B$4:$B$11,A45,'04.08'!$C$4:$C$11)+SUMIF('04.08'!$D$4:$D$11,A45,'04.08'!$E$4:$E$11)+SUMIF('04.08'!$F$4:$F$11,A45,'04.08'!$G$4:$G$11)+SUMIF('04.08'!$H$4:$H$11,A45,'04.08'!$I$4:$I$11)+SUMIF('04.08'!$J$4:$J$11,A45,'04.08'!$K$4:$K$11)+SUMIF('04.08'!$L$4:$L$11,A45,'04.08'!$M$4:$M$11)+SUMIF('04.08'!$N$4:$N$11,A45,'04.08'!$O$4:$O$11) -> 0 | L45: =SUMIF('05.08'!$B$4:$B$11,A45,'05.08'!$C$4:$C$11)+SUMIF('05.08'!$D$4:$D$11,A45,'05.08'!$E$4:$E$11)+SUMIF('05.08'!$F$4:$F$11,A45,'05.08'!$G$4:$G$11)+SUMIF('05.08'!$H$4:$H$11,A45,'05.08'!$I$4:$I$11)+SUMIF('05.08'!$J$4:$J$11,A45,'05.08'!$K$4:$K$11)+SUMIF('05.08'!$L$4:$L$11,A45,'05.08'!$M$4:$M$11)+SUMIF('05.08'!$N$4:$N$11,A45,'05.08'!$O$4:$O$11) -> 0 | M45: =SUMIF('06.08'!$B$4:$B$11,A45,'06.08'!$C$4:$C$11)+SUMIF('06.08'!$D$4:$D$11,A45,'06.08'!$E$4:$E$11)+SUMIF('06.08'!$F$4:$F$11,A45,'06.08'!$G$4:$G$11)+SUMIF('06.08'!$H$4:$H$11,A45,'06.08'!$I$4:$I$11)+SUMIF('06.08'!$J$4:$J$11,A45,'06.08'!$K$4:$K$11)+SUMIF('06.08'!$L$4:$L$11,A45,'06.08'!$M$4:$M$11)+SUMIF('06.08'!$N$4:$N$11,A45,'06.08'!$O$4:$O$11) -> 0 | N45: =SUMIF('07.08'!$B$4:$B$11,A45,'07.08'!$C$4:$C$11)+SUMIF('07.08'!$D$4:$D$11,A45,'07.08'!$E$4:$E$11)+SUMIF('07.08'!$F$4:$F$11,A45,'07.08'!$G$4:$G$11)+SUMIF('07.08'!$H$4:$H$11,A45,'07.08'!$I$4:$I$11)+SUMIF('07.08'!$J$4:$J$11,A45,'07.08'!$K$4:$K$11)+SUMIF('07.08'!$L$4:$L$11,A45,'07.08'!$M$4:$M$11)+SUMIF('07.08'!$N$4:$N$11,A45,'07.08'!$O$4:$O$11) -> 0 | O45: =SUMIF('08.08'!$B$4:$B$11,A45,'08.08'!$C$4:$C$11)+SUMIF('08.08'!$D$4:$D$11,A45,'08.08'!$E$4:$E$11)+SUMIF('08.08'!$F$4:$F$11,A45,'08.08'!$G$4:$G$11)+SUMIF('08.08'!$H$4:$H$11,A45,'08.08'!$I$4:$I$11)+SUMIF('08.08'!$J$4:$J$11,A45,'08.08'!$K$4:$K$11)+SUMIF('08.08'!$L$4:$L$11,A45,'08.08'!$M$4:$M$11)+SUMIF('08.08'!$N$4:$N$11,A45,'08.08'!$O$4:$O$11) -> 0 | P45: =SUMIF('09.08'!$B$4:$B$11,A45,'09.08'!$C$4:$C$11)+SUMIF('09.08'!$D$4:$D$11,A45,'09.08'!$E$4:$E$11)+SUMIF('09.08'!$F$4:$F$11,A45,'09.08'!$G$4:$G$11)+SUMIF('09.08'!$H$4:$H$11,A45,'09.08'!$I$4:$I$11)+SUMIF('09.08'!$J$4:$J$11,A45,'09.08'!$K$4:$K$11)+SUMIF('09.08'!$L$4:$L$11,A45,'09.08'!$M$4:$M$11)+SUMIF('09.08'!$N$4:$N$11,A45,'09.08'!$O$4:$O$11) -> 0 | Q45: =SUMIF('10.08'!$B$4:$B$11,A45,'10.08'!$C$4:$C$11)+SUMIF('10.08'!$D$4:$D$11,A45,'10.08'!$E$4:$E$11)+SUMIF('10.08'!$F$4:$F$11,A45,'10.08'!$G$4:$G$11)+SUMIF('10.08'!$H$4:$H$11,A45,'10.08'!$I$4:$I$11)+SUMIF('10.08'!$J$4:$J$11,A45,'10.08'!$K$4:$K$11)+SUMIF('10.08'!$L$4:$L$11,A45,'10.08'!$M$4:$M$11)+SUMIF('10.08'!$N$4:$N$11,A45,'10.08'!$O$4:$O$11) -> 0 | R45: =SUMIF('11.08'!$B$4:$B$11,A45,'11.08'!$C$4:$C$11)+SUMIF('11.08'!$D$4:$D$11,A45,'11.08'!$E$4:$E$11)+SUMIF('11.08'!$F$4:$F$11,A45,'11.08'!$G$4:$G$11)+SUMIF('11.08'!$H$4:$H$11,A45,'11.08'!$I$4:$I$11)+SUMIF('11.08'!$J$4:$J$11,A45,'11.08'!$K$4:$K$11)+SUMIF('11.08'!$L$4:$L$11,A45,'11.08'!$M$4:$M$11)+SUMIF('11.08'!$N$4:$N$11,A45,'11.08'!$O$4:$O$11) -> #N/A
A46: ='список продуктов'!A63 -> Яйца (30 шт) | B46: ='список продуктов'!B63 -> пачка | C46: ='список продуктов'!C63 -> 900 | D46: ='список продуктов'!D63 | E46: ='список продуктов'!E63 -> Краткосрочный | F46: =SUM(I46:R46) -> #N/A | G46: =IFERROR(CEILING(F46/C46,1),"Введите занчения") -> Введите занчения | H46: =IFERROR(G46*D46,"Введите занчения") -> Введите занчения | I46: =SUMIF('02.08'!$B$4:$B$11,A46,'02.08'!$C$4:$C$11)+SUMIF('02.08'!$D$4:$D$11,A46,'02.08'!$E$4:$E$11)+SUMIF('02.08'!$F$4:$F$11,A46,'02.08'!$G$4:$G$11)+SUMIF('02.08'!$H$4:$H$11,A46,'02.08'!$I$4:$I$11)+SUMIF('02.08'!$J$4:$J$11,A46,'02.08'!$K$4:$K$11)+SUMIF('02.08'!$L$4:$L$11,A46,'02.08'!$M$4:$M$11)+SUMIF('02.08'!$N$4:$N$11,A46,'02.08'!$O$4:$O$11) -> 0 | J46: =SUMIF('03.08'!$B$4:$B$11,A46,'03.08'!$C$4:$C$11)+SUMIF('03.08'!$D$4:$D$11,A46,'03.08'!$E$4:$E$11)+SUMIF('03.08'!$F$4:$F$11,A46,'03.08'!$G$4:$G$11)+SUMIF('03.08'!$H$4:$H$11,A46,'03.08'!$I$4:$I$11)+SUMIF('03.08'!$J$4:$J$11,A46,'03.08'!$K$4:$K$11)+SUMIF('03.08'!$L$4:$L$11,A46,'03.08'!$M$4:$M$11)+SUMIF('03.08'!$N$4:$N$11,A46,'03.08'!$O$4:$O$11) -> 0 | K46: =SUMIF('04.08'!$B$4:$B$11,A46,'04.08'!$C$4:$C$11)+SUMIF('04.08'!$D$4:$D$11,A46,'04.08'!$E$4:$E$11)+SUMIF('04.08'!$F$4:$F$11,A46,'04.08'!$G$4:$G$11)+SUMIF('04.08'!$H$4:$H$11,A46,'04.08'!$I$4:$I$11)+SUMIF('04.08'!$J$4:$J$11,A46,'04.08'!$K$4:$K$11)+SUMIF('04.08'!$L$4:$L$11,A46,'04.08'!$M$4:$M$11)+SUMIF('04.08'!$N$4:$N$11,A46,'04.08'!$O$4:$O$11) -> 0 | L46: =SUMIF('05.08'!$B$4:$B$11,A46,'05.08'!$C$4:$C$11)+SUMIF('05.08'!$D$4:$D$11,A46,'05.08'!$E$4:$E$11)+SUMIF('05.08'!$F$4:$F$11,A46,'05.08'!$G$4:$G$11)+SUMIF('05.08'!$H$4:$H$11,A46,'05.08'!$I$4:$I$11)+SUMIF('05.08'!$J$4:$J$11,A46,'05.08'!$K$4:$K$11)+SUMIF('05.08'!$L$4:$L$11,A46,'05.08'!$M$4:$M$11)+SUMIF('05.08'!$N$4:$N$11,A46,'05.08'!$O$4:$O$11) -> 0 | M46: =SUMIF('06.08'!$B$4:$B$11,A46,'06.08'!$C$4:$C$11)+SUMIF('06.08'!$D$4:$D$11,A46,'06.08'!$E$4:$E$11)+SUMIF('06.08'!$F$4:$F$11,A46,'06.08'!$G$4:$G$11)+SUMIF('06.08'!$H$4:$H$11,A46,'06.08'!$I$4:$I$11)+SUMIF('06.08'!$J$4:$J$11,A46,'06.08'!$K$4:$K$11)+SUMIF('06.08'!$L$4:$L$11,A46,'06.08'!$M$4:$M$11)+SUMIF('06.08'!$N$4:$N$11,A46,'06.08'!$O$4:$O$11) -> 0 | N46: =SUMIF('07.08'!$B$4:$B$11,A46,'07.08'!$C$4:$C$11)+SUMIF('07.08'!$D$4:$D$11,A46,'07.08'!$E$4:$E$11)+SUMIF('07.08'!$F$4:$F$11,A46,'07.08'!$G$4:$G$11)+SUMIF('07.08'!$H$4:$H$11,A46,'07.08'!$I$4:$I$11)+SUMIF('07.08'!$J$4:$J$11,A46,'07.08'!$K$4:$K$11)+SUMIF('07.08'!$L$4:$L$11,A46,'07.08'!$M$4:$M$11)+SUMIF('07.08'!$N$4:$N$11,A46,'07.08'!$O$4:$O$11) -> 0 | O46: =SUMIF('08.08'!$B$4:$B$11,A46,'08.08'!$C$4:$C$11)+SUMIF('08.08'!$D$4:$D$11,A46,'08.08'!$E$4:$E$11)+SUMIF('08.08'!$F$4:$F$11,A46,'08.08'!$G$4:$G$11)+SUMIF('08.08'!$H$4:$H$11,A46,'08.08'!$I$4:$I$11)+SUMIF('08.08'!$J$4:$J$11,A46,'08.08'!$K$4:$K$11)+SUMIF('08.08'!$L$4:$L$11,A46,'08.08'!$M$4:$M$11)+SUMIF('08.08'!$N$4:$N$11,A46,'08.08'!$O$4:$O$11) -> 0 | P46: =SUMIF('09.08'!$B$4:$B$11,A46,'09.08'!$C$4:$C$11)+SUMIF('09.08'!$D$4:$D$11,A46,'09.08'!$E$4:$E$11)+SUMIF('09.08'!$F$4:$F$11,A46,'09.08'!$G$4:$G$11)+SUMIF('09.08'!$H$4:$H$11,A46,'09.08'!$I$4:$I$11)+SUMIF('09.08'!$J$4:$J$11,A46,'09.08'!$K$4:$K$11)+SUMIF('09.08'!$L$4:$L$11,A46,'09.08'!$M$4:$M$11)+SUMIF('09.08'!$N$4:$N$11,A46,'09.08'!$O$4:$O$11) -> 0 | Q46: =SUMIF('10.08'!$B$4:$B$11,A46,'10.08'!$C$4:$C$11)+SUMIF('10.08'!$D$4:$D$11,A46,'10.08'!$E$4:$E$11)+SUMIF('10.08'!$F$4:$F$11,A46,'10.08'!$G$4:$G$11)+SUMIF('10.08'!$H$4:$H$11,A46,'10.08'!$I$4:$I$11)+SUMIF('10.08'!$J$4:$J$11,A46,'10.08'!$K$4:$K$11)+SUMIF('10.08'!$L$4:$L$11,A46,'10.08'!$M$4:$M$11)+SUMIF('10.08'!$N$4:$N$11,A46,'10.08'!$O$4:$O$11) -> 0 | R46: =SUMIF('11.08'!$B$4:$B$11,A46,'11.08'!$C$4:$C$11)+SUMIF('11.08'!$D$4:$D$11,A46,'11.08'!$E$4:$E$11)+SUMIF('11.08'!$F$4:$F$11,A46,'11.08'!$G$4:$G$11)+SUMIF('11.08'!$H$4:$H$11,A46,'11.08'!$I$4:$I$11)+SUMIF('11.08'!$J$4:$J$11,A46,'11.08'!$K$4:$K$11)+SUMIF('11.08'!$L$4:$L$11,A46,'11.08'!$M$4:$M$11)+SUMIF('11.08'!$N$4:$N$11,A46,'11.08'!$O$4:$O$11) -> #N/A
A47: Вода | B47: =VLOOKUP(A47,'список продуктов'!$A$3:$E$77,2,0) -> бутылка | C47: =VLOOKUP(A47,'список продуктов'!$A$3:$E$77,3,0) -> 5000 | D47: =VLOOKUP(A47,'список продуктов'!$A$3:$E$77,4,0) | E47: Долгосрочный | F47: 150 | G47: =IFERROR(CEILING(F47/C47,1),"Введите занчения") -> 1 | H47: =IFERROR(G47*D47,"Введите занчения") -> 0 | I47: =SUMIF('02.08'!$P$3:$P$11,A47,'02.08'!$Q$3:$Q$11) -> 130 | J47: =SUMIF('03.08'!$P$3:$P$10,A47,'03.08'!$Q$3:$Q$10) -> 130 | K47: =SUMIF('04.08'!$P$3:$P$11,A47,'04.08'!$Q$3:$Q$11) -> 130 | L47: =SUMIF('05.08'!$P$3:$P$11,A47,'05.08'!$Q$3:$Q$11) -> 130 | M47: =SUMIF('06.08'!$P$3:$P$11,A47,'06.08'!Q$3:Q$11) -> 130 | N47: =SUMIF('07.08'!$P$3:$P$11,A47,'07.08'!$Q$3:$Q$11) -> 130 | O47: =SUMIF('08.08'!$P$3:$P$11,A47,'08.08'!$Q$3:$Q$11) -> 130 | P47: =SUMIF('09.08'!$P$3:$P$11,A47,'09.08'!$Q$3:$Q$11) -> 130 | Q47: =SUMIF('10.08'!$P$3:$P$11,A47,'10.08'!$Q$3:$Q$11) -> 0 | R47: =SUMIF('11.08'!$P$3:$P$11,A47,'11.08'!$Q$3:$Q$11) -> #N/A | S47: =SUM(I47:R47) -> #N/A | T47: =S47/5 -> #N/A
A48: Сахар | B48: =VLOOKUP(A48,'список продуктов'!$A$3:$E$77,2,0) -> кг | C48: =VLOOKUP(A48,'список продуктов'!$A$3:$E$77,3,0) -> 1000 | D48: =VLOOKUP(A48,'список продуктов'!$A$3:$E$77,4,0) | E48: Долгосрочный | F48: =SUM(I48:R48) -> #N/A | G48: =IFERROR(CEILING(F48/C48,1),"Введите занчения") -> Введите занчения | H48: =IFERROR(G48*D48,"Введите занчения") -> Введите занчения | I48: =SUMIF('02.08'!$P$4:$P$11,A48,'02.08'!$Q$4:$Q$11) -> 0 | J48: =SUMIF('03.08'!$P$4:$P$10,A48,'03.08'!$Q$4:$Q$10) -> 0 | K48: =SUMIF('04.08'!$P$4:$P$11,A48,'04.08'!$Q$4:$Q$11) -> 0 | L48: =SUMIF('05.08'!$P$4:$P$11,A48,'05.08'!$Q$4:$Q$11) -> 0 | M48: =SUMIF('06.08'!$P$4:$P$11,A48,'06.08'!Q$4:Q$11) -> 0 | N48: =SUMIF('07.08'!$P$4:$P$11,A48,'07.08'!$Q$4:$Q$11) -> 0 | O48: =SUMIF('08.08'!$P$4:$P$11,A48,'08.08'!$Q$4:$Q$11) -> 0 | P48: =SUMIF('09.08'!$P$4:$P$11,A48,'09.08'!$Q$4:$Q$11) -> 0 | Q48: =SUMIF('10.08'!$P$4:$P$11,A48,'10.08'!$Q$4:$Q$11) -> 0 | R48: =SUMIF('11.08'!$P$5:$P$11,A48,'11.08'!$Q$5:$Q$11) -> #N/A
A49: Соль | B49: =VLOOKUP(A49,'список продуктов'!$A$3:$E$77,2,0) -> банка | C49: =VLOOKUP(A49,'список продуктов'!$A$3:$E$77,3,0) | D49: =VLOOKUP(A49,'список продуктов'!$A$3:$E$77,4,0) | E49: Долгосрочный | F49: =SUM(I49:R49) -> #N/A | G49: =IFERROR(CEILING(F49/C49,1),"Введите занчения") -> Введите занчения | H49: =IFERROR(G49*D49,"Введите занчения") -> Введите занчения | I49: =SUMIF('02.08'!$P$4:$P$11,A49,'02.08'!$Q$4:$Q$11) -> 100 | J49: =SUMIF('03.08'!$P$4:$P$10,A49,'03.08'!$Q$4:$Q$10) -> 100 | K49: =SUMIF('04.08'!$P$4:$P$11,A49,'04.08'!$Q$4:$Q$11) -> 100 | L49: =SUMIF('05.08'!$P$4:$P$11,A49,'05.08'!$Q$4:$Q$11) -> 100 | M49: =SUMIF('06.08'!$P$4:$P$11,A49,'06.08'!Q$4:Q$11) -> 100 | N49: =SUMIF('07.08'!$P$4:$P$11,A49,'07.08'!$Q$4:$Q$11) -> 100 | O49: =SUMIF('08.08'!$P$4:$P$11,A49,'08.08'!$Q$4:$Q$11) -> 100 | P49: =SUMIF('09.08'!$P$4:$P$11,A49,'09.08'!$Q$4:$Q$11) -> 100 | Q49: =SUMIF('10.08'!$P$4:$P$11,A49,'10.08'!$Q$4:$Q$11) -> 0 | R49: =SUMIF('11.08'!$P$5:$P$11,A49,'11.08'!$Q$5:$Q$11) -> #N/A
A50: Масло растительное | B50: =VLOOKUP(A50,'список продуктов'!$A$3:$E$77,2,0) -> кг | C50: =VLOOKUP(A50,'список продуктов'!$A$3:$E$77,3,0) -> 0,9/825г | D50: =VLOOKUP(A50,'список продуктов'!$A$3:$E$77,4,0) | E50: Долгосрочный | F50: =SUM(I50:R50) -> #N/A | G50: =IFERROR(CEILING(F50/C50,1),"Введите занчения") -> Введите занчения | H50: =IFERROR(G50*D50,"Введите занчения") -> Введите занчения | I50: =SUMIF('02.08'!$P$4:$P$11,A50,'02.08'!$Q$4:$Q$11) -> 500 | J50: =SUMIF('03.08'!$P$4:$P$10,A50,'03.08'!$Q$4:$Q$10) -> 500 | K50: =SUMIF('04.08'!$P$4:$P$11,A50,'04.08'!$Q$4:$Q$11) -> 500 | L50: =SUMIF('05.08'!$P$4:$P$11,A50,'05.08'!$Q$4:$Q$11) -> 500 | M50: =SUMIF('06.08'!$P$4:$P$11,A50,'06.08'!Q$4:Q$11) -> 500 | N50: =SUMIF('07.08'!$P$4:$P$11,A50,'07.08'!$Q$4:$Q$11) -> 500 | O50: =SUMIF('08.08'!$P$4:$P$11,A50,'08.08'!$Q$4:$Q$11) -> 500 | P50: =SUMIF('09.08'!$P$4:$P$11,A50,'09.08'!$Q$4:$Q$11) -> 500 | Q50: =SUMIF('10.08'!$P$4:$P$11,A50,'10.08'!$Q$4:$Q$11) -> 0 | R50: =SUMIF('11.08'!$P$5:$P$11,A50,'11.08'!$Q$5:$Q$11) -> #N/A
A51: Чай | B51: =VLOOKUP(A51,'список продуктов'!$A$3:$E$77,2,0) -> упаковка | C51: =VLOOKUP(A51,'список продуктов'!$A$3:$E$77,3,0) | D51: =VLOOKUP(A51,'список продуктов'!$A$3:$E$77,4,0) | E51: Долгосрочный | F51: =SUM(I51:R51) -> #N/A | G51: =IFERROR(CEILING(F51/C51,1),"Введите занчения") -> Введите занчения | H51: =IFERROR(G51*D51,"Введите занчения") -> Введите занчения | I51: =SUMIF('02.08'!$P$4:$P$11,A51,'02.08'!$Q$4:$Q$11) -> 20 | J51: =SUMIF('03.08'!$P$4:$P$10,A51,'03.08'!$Q$4:$Q$10) -> 20 | K51: =SUMIF('04.08'!$P$4:$P$11,A51,'04.08'!$Q$4:$Q$11) -> 20 | L51: =SUMIF('05.08'!$P$4:$P$11,A51,'05.08'!$Q$4:$Q$11) -> 20 | M51: =SUMIF('06.08'!$P$4:$P$11,A51,'06.08'!Q$4:Q$11) -> 20 | N51: =SUMIF('07.08'!$P$4:$P$11,A51,'07.08'!$Q$4:$Q$11) -> 20 | O51: =SUMIF('08.08'!$P$4:$P$11,A51,'08.08'!$Q$4:$Q$11) -> 20 | P51: =SUMIF('09.08'!$P$4:$P$11,A51,'09.08'!$Q$4:$Q$11) -> 20 | Q51: =SUMIF('10.08'!$P$4:$P$11,A51,'10.08'!$Q$4:$Q$11) -> 0 | R51: =SUMIF('11.08'!$P$5:$P$11,A51,'11.08'!$Q$5:$Q$11) -> #N/A
A52: кофе | B52: =VLOOKUP(A52,'список продуктов'!$A$3:$E$77,2,0) -> банка | C52: =VLOOKUP(A52,'список продуктов'!$A$3:$E$77,3,0) | D52: =VLOOKUP(A52,'список продуктов'!$A$3:$E$77,4,0) | E52: Долгосрочный | F52: =SUM(I52:R52) -> #N/A | G52: =IFERROR(CEILING(F52/C52,1),"Введите занчения") -> Введите занчения | H52: =IFERROR(G52*D52,"Введите занчения") -> Введите занчения | I52: =SUMIF('02.08'!$P$4:$P$11,A52,'02.08'!$Q$4:$Q$11) -> 20 | J52: =SUMIF('03.08'!$P$4:$P$10,A52,'03.08'!$Q$4:$Q$10) -> 20 | K52: =SUMIF('04.08'!$P$4:$P$11,A52,'04.08'!$Q$4:$Q$11) -> 20 | L52: =SUMIF('05.08'!$P$4:$P$11,A52,'05.08'!$Q$4:$Q$11) -> 20 | M52: =SUMIF('06.08'!$P$4:$P$11,A52,'06.08'!Q$4:Q$11) -> 20 | N52: =SUMIF('07.08'!$P$4:$P$11,A52,'07.08'!$Q$4:$Q$11) -> 20 | O52: =SUMIF('08.08'!$P$4:$P$11,A52,'08.08'!$Q$4:$Q$11) -> 20 | P52: =SUMIF('09.08'!$P$4:$P$11,A52,'09.08'!$Q$4:$Q$11) -> 20 | Q52: =SUMIF('10.08'!$P$4:$P$11,A52,'10.08'!$Q$4:$Q$11) -> 0 | R52: =SUMIF('11.08'!$P$5:$P$11,A52,'11.08'!$Q$5:$Q$11) -> #N/A
A53: Хлеб | B53: =VLOOKUP(A53,'список продуктов'!$A$3:$E$77,2,0) -> батон | C53: =VLOOKUP(A53,'список продуктов'!$A$3:$E$77,3,0) | D53: =VLOOKUP(A53,'список продуктов'!$A$3:$E$77,4,0) | E53: Краткосрочный | F53: =SUM(I53:R53) -> #N/A | G53: =IFERROR(CEILING(F53/C53,1),"Введите занчения") -> Введите занчения | H53: =IFERROR(G53*D53,"Введите занчения") -> Введите занчения | I53: =SUMIF('02.08'!$P$4:$P$11,A53,'02.08'!$Q$4:$Q$11) -> 2400 | J53: =SUMIF('03.08'!$P$4:$P$10,A53,'03.08'!$Q$4:$Q$10) -> 2400 | K53: =SUMIF('04.08'!$P$4:$P$11,A53,'04.08'!$Q$4:$Q$11) -> 2400 | L53: =SUMIF('05.08'!$P$4:$P$11,A53,'05.08'!$Q$4:$Q$11) -> 2400 | M53: =SUMIF('06.08'!$P$4:$P$11,A53,'06.08'!Q$4:Q$11) -> 2400 | N53: =SUMIF('07.08'!$P$4:$P$11,A53,'07.08'!$Q$4:$Q$11) -> 2400 | O53: =SUMIF('08.08'!$P$4:$P$11,A53,'08.08'!$Q$4:$Q$11) -> 2400 | P53: =SUMIF('09.08'!$P$4:$P$11,A53,'09.08'!$Q$4:$Q$11) -> 2400 | Q53: =SUMIF('10.08'!$P$4:$P$11,A53,'10.08'!$Q$4:$Q$11) -> 0 | R53: =SUMIF('11.08'!$P$5:$P$11,A53,'11.08'!$Q$5:$Q$11) -> #N/A
A54: Специи | B54: =VLOOKUP(A54,'список продуктов'!$A$3:$E$77,2,0) -> пачка | C54: =VLOOKUP(A54,'список продуктов'!$A$3:$E$77,3,0) | D54: =VLOOKUP(A54,'список продуктов'!$A$3:$E$77,4,0) | E54: Долгосрочный | F54: =SUM(I54:R54) -> #N/A | G54: =IFERROR(CEILING(F54/C54,1),"Введите занчения") -> Введите занчения | H54: =IFERROR(G54*D54,"Введите занчения") -> Введите занчения | I54: =SUMIF('02.08'!$P$4:$P$11,A54,'02.08'!$Q$4:$Q$11) -> 120 | J54: =SUMIF('03.08'!$P$4:$P$10,A54,'03.08'!$Q$4:$Q$10) -> 120 | K54: =SUMIF('04.08'!$P$4:$P$11,A54,'04.08'!$Q$4:$Q$11) -> 120 | L54: =SUMIF('05.08'!$P$4:$P$11,A54,'05.08'!$Q$4:$Q$11) -> 120 | M54: =SUMIF('06.08'!$P$4:$P$11,A54,'06.08'!Q$4:Q$11) -> 120 | N54: =SUMIF('07.08'!$P$4:$P$11,A54,'07.08'!$Q$4:$Q$11) -> 120 | O54: =SUMIF('08.08'!$P$4:$P$11,A54,'08.08'!$Q$4:$Q$11) -> 120 | P54: =SUMIF('09.08'!$P$4:$P$11,A54,'09.08'!$Q$4:$Q$11) -> 120 | Q54: =SUMIF('10.08'!$P$4:$P$11,A54,'10.08'!$Q$4:$Q$11) -> 0 | R54: =SUMIF('11.08'!$P$5:$P$11,A54,'11.08'!$Q$5:$Q$11) -> #N/A
A55: мусорные пакеты | B55: упаковка | C55: 25 | D55: 100 | E55: Долгосрочный | F55: 150 | G55: =IFERROR(CEILING(F55/C55,1),"Введите занчения") -> 6 | H55: =IFERROR(G55*D55,"Введите занчения") -> 600 | I55: =SUMIF('02.08'!$B$4:$B$11,A55,'02.08'!$C$4:$C$11)+SUMIF('02.08'!$D$4:$D$11,A55,'02.08'!$E$4:$E$11)+SUMIF('02.08'!$F$4:$F$11,A55,'02.08'!$G$4:$G$11)+SUMIF('02.08'!$H$4:$H$11,A55,'02.08'!$I$4:$I$11)+SUMIF('02.08'!$J$4:$J$11,A55,'02.08'!$K$4:$K$11)+SUMIF('02.08'!$L$4:$L$11,A55,'02.08'!$M$4:$M$11)+SUMIF('02.08'!$N$4:$N$11,A55,'02.08'!$O$4:$O$11) -> 0 | J55: =SUMIF('03.08'!$B$4:$B$11,A55,'03.08'!$C$4:$C$11)+SUMIF('03.08'!$D$4:$D$11,A55,'03.08'!$E$4:$E$11)+SUMIF('03.08'!$F$4:$F$11,A55,'03.08'!$G$4:$G$11)+SUMIF('03.08'!$H$4:$H$11,A55,'03.08'!$I$4:$I$11)+SUMIF('03.08'!$J$4:$J$11,A55,'03.08'!$K$4:$K$11)+SUMIF('03.08'!$L$4:$L$11,A55,'03.08'!$M$4:$M$11)+SUMIF('03.08'!$N$4:$N$11,A55,'03.08'!$O$4:$O$11) -> 0 | K55: =SUMIF('04.08'!$B$4:$B$11,A55,'04.08'!$C$4:$C$11)+SUMIF('04.08'!$D$4:$D$11,A55,'04.08'!$E$4:$E$11)+SUMIF('04.08'!$F$4:$F$11,A55,'04.08'!$G$4:$G$11)+SUMIF('04.08'!$H$4:$H$11,A55,'04.08'!$I$4:$I$11)+SUMIF('04.08'!$J$4:$J$11,A55,'04.08'!$K$4:$K$11)+SUMIF('04.08'!$L$4:$L$11,A55,'04.08'!$M$4:$M$11)+SUMIF('04.08'!$N$4:$N$11,A55,'04.08'!$O$4:$O$11) -> 0 | L55: =SUMIF('05.08'!$B$4:$B$11,A55,'05.08'!$C$4:$C$11)+SUMIF('05.08'!$D$4:$D$11,A55,'05.08'!$E$4:$E$11)+SUMIF('05.08'!$F$4:$F$11,A55,'05.08'!$G$4:$G$11)+SUMIF('05.08'!$H$4:$H$11,A55,'05.08'!$I$4:$I$11)+SUMIF('05.08'!$J$4:$J$11,A55,'05.08'!$K$4:$K$11)+SUMIF('05.08'!$L$4:$L$11,A55,'05.08'!$M$4:$M$11)+SUMIF('05.08'!$N$4:$N$11,A55,'05.08'!$O$4:$O$11) -> 0 | M55: =SUMIF('06.08'!$B$4:$B$11,A55,'06.08'!$C$4:$C$11)+SUMIF('06.08'!$D$4:$D$11,A55,'06.08'!$E$4:$E$11)+SUMIF('06.08'!$F$4:$F$11,A55,'06.08'!$G$4:$G$11)+SUMIF('06.08'!$H$4:$H$11,A55,'06.08'!$I$4:$I$11)+SUMIF('06.08'!$J$4:$J$11,A55,'06.08'!$K$4:$K$11)+SUMIF('06.08'!$L$4:$L$11,A55,'06.08'!$M$4:$M$11)+SUMIF('06.08'!$N$4:$N$11,A55,'06.08'!$O$4:$O$11) -> 0 | N55: =SUMIF('07.08'!$B$4:$B$11,A55,'07.08'!$C$4:$C$11)+SUMIF('07.08'!$D$4:$D$11,A55,'07.08'!$E$4:$E$11)+SUMIF('07.08'!$F$4:$F$11,A55,'07.08'!$G$4:$G$11)+SUMIF('07.08'!$H$4:$H$11,A55,'07.08'!$I$4:$I$11)+SUMIF('07.08'!$J$4:$J$11,A55,'07.08'!$K$4:$K$11)+SUMIF('07.08'!$L$4:$L$11,A55,'07.08'!$M$4:$M$11)+SUMIF('07.08'!$N$4:$N$11,A55,'07.08'!$O$4:$O$11) -> 0 | O55: =SUMIF('08.08'!$B$4:$B$11,A55,'08.08'!$C$4:$C$11)+SUMIF('08.08'!$D$4:$D$11,A55,'08.08'!$E$4:$E$11)+SUMIF('08.08'!$F$4:$F$11,A55,'08.08'!$G$4:$G$11)+SUMIF('08.08'!$H$4:$H$11,A55,'08.08'!$I$4:$I$11)+SUMIF('08.08'!$J$4:$J$11,A55,'08.08'!$K$4:$K$11)+SUMIF('08.08'!$L$4:$L$11,A55,'08.08'!$M$4:$M$11)+SUMIF('08.08'!$N$4:$N$11,A55,'08.08'!$O$4:$O$11) -> 0 | P55: =SUMIF('09.08'!$B$4:$B$11,A55,'09.08'!$C$4:$C$11)+SUMIF('09.08'!$D$4:$D$11,A55,'09.08'!$E$4:$E$11)+SUMIF('09.08'!$F$4:$F$11,A55,'09.08'!$G$4:$G$11)+SUMIF('09.08'!$H$4:$H$11,A55,'09.08'!$I$4:$I$11)+SUMIF('09.08'!$J$4:$J$11,A55,'09.08'!$K$4:$K$11)+SUMIF('09.08'!$L$4:$L$11,A55,'09.08'!$M$4:$M$11)+SUMIF('09.08'!$N$4:$N$11,A55,'09.08'!$O$4:$O$11) -> 0 | Q55: =SUMIF('10.08'!$B$4:$B$11,A55,'10.08'!$C$4:$C$11)+SUMIF('10.08'!$D$4:$D$11,A55,'10.08'!$E$4:$E$11)+SUMIF('10.08'!$F$4:$F$11,A55,'10.08'!$G$4:$G$11)+SUMIF('10.08'!$H$4:$H$11,A55,'10.08'!$I$4:$I$11)+SUMIF('10.08'!$J$4:$J$11,A55,'10.08'!$K$4:$K$11)+SUMIF('10.08'!$L$4:$L$11,A55,'10.08'!$M$4:$M$11)+SUMIF('10.08'!$N$4:$N$11,A55,'10.08'!$O$4:$O$11) -> 0 | R55: =SUMIF('11.08'!$B$4:$B$11,A55,'11.08'!$C$4:$C$11)+SUMIF('11.08'!$D$4:$D$11,A55,'11.08'!$E$4:$E$11)+SUMIF('11.08'!$F$4:$F$11,A55,'11.08'!$G$4:$G$11)+SUMIF('11.08'!$H$4:$H$11,A55,'11.08'!$I$4:$I$11)+SUMIF('11.08'!$J$4:$J$11,A55,'11.08'!$K$4:$K$11)+SUMIF('11.08'!$L$4:$L$11,A55,'11.08'!$M$4:$M$11)+SUMIF('11.08'!$N$4:$N$11,A55,'11.08'!$O$4:$O$11) -> #N/A
A56: Розжиг | B56: бутылка | C56: 1000 | D56: 175 | E56: Долгосрочный | F56: 7000 | G56: =IFERROR(CEILING(F56/C56,1),"Введите занчения") -> 7 | H56: =IFERROR(G56*D56,"Введите занчения") -> 1225 | I56: =SUMIF('02.08'!$B$4:$B$11,#REF!,'02.08'!$C$4:$C$11)+SUMIF('02.08'!$D$4:$D$11,#REF!,'02.08'!$E$4:$E$11)+SUMIF('02.08'!$F$4:$F$11,#REF!,'02.08'!$G$4:$G$11)+SUMIF('02.08'!$H$4:$H$11,#REF!,'02.08'!$I$4:$I$11)+SUMIF('02.08'!$J$4:$J$11,#REF!,'02.08'!$K$4:$K$11)+SUMIF('02.08'!$L$4:$L$11,#REF!,'02.08'!$M$4:$M$11)+SUMIF('02.08'!$N$4:$N$11,#REF!,'02.08'!$O$4:$O$11) -> 0 | J56: =SUMIF('03.08'!$B$4:$B$11,#REF!,'03.08'!$C$4:$C$11)+SUMIF('03.08'!$D$4:$D$11,#REF!,'03.08'!$E$4:$E$11)+SUMIF('03.08'!$F$4:$F$11,#REF!,'03.08'!$G$4:$G$11)+SUMIF('03.08'!$H$4:$H$11,#REF!,'03.08'!$I$4:$I$11)+SUMIF('03.08'!$J$4:$J$11,#REF!,'03.08'!$K$4:$K$11)+SUMIF('03.08'!$L$4:$L$11,#REF!,'03.08'!$M$4:$M$11)+SUMIF('03.08'!$N$4:$N$11,#REF!,'03.08'!$O$4:$O$11) -> 0 | K56: =SUMIF('04.08'!$B$4:$B$11,#REF!,'04.08'!$C$4:$C$11)+SUMIF('04.08'!$D$4:$D$11,#REF!,'04.08'!$E$4:$E$11)+SUMIF('04.08'!$F$4:$F$11,#REF!,'04.08'!$G$4:$G$11)+SUMIF('04.08'!$H$4:$H$11,#REF!,'04.08'!$I$4:$I$11)+SUMIF('04.08'!$J$4:$J$11,#REF!,'04.08'!$K$4:$K$11)+SUMIF('04.08'!$L$4:$L$11,#REF!,'04.08'!$M$4:$M$11)+SUMIF('04.08'!$N$4:$N$11,#REF!,'04.08'!$O$4:$O$11) -> 0 | L56: =SUMIF('05.08'!$B$4:$B$11,#REF!,'05.08'!$C$4:$C$11)+SUMIF('05.08'!$D$4:$D$11,#REF!,'05.08'!$E$4:$E$11)+SUMIF('05.08'!$F$4:$F$11,#REF!,'05.08'!$G$4:$G$11)+SUMIF('05.08'!$H$4:$H$11,#REF!,'05.08'!$I$4:$I$11)+SUMIF('05.08'!$J$4:$J$11,#REF!,'05.08'!$K$4:$K$11)+SUMIF('05.08'!$L$4:$L$11,#REF!,'05.08'!$M$4:$M$11)+SUMIF('05.08'!$N$4:$N$11,#REF!,'05.08'!$O$4:$O$11) -> 0 | M56: =SUMIF('06.08'!$B$4:$B$11,#REF!,'06.08'!$C$4:$C$11)+SUMIF('06.08'!$D$4:$D$11,#REF!,'06.08'!$E$4:$E$11)+SUMIF('06.08'!$F$4:$F$11,#REF!,'06.08'!$G$4:$G$11)+SUMIF('06.08'!$H$4:$H$11,#REF!,'06.08'!$I$4:$I$11)+SUMIF('06.08'!$J$4:$J$11,#REF!,'06.08'!$K$4:$K$11)+SUMIF('06.08'!$L$4:$L$11,#REF!,'06.08'!$M$4:$M$11)+SUMIF('06.08'!$N$4:$N$11,#REF!,'06.08'!$O$4:$O$11) -> 0 | N56: =SUMIF('07.08'!$B$4:$B$11,#REF!,'07.08'!$C$4:$C$11)+SUMIF('07.08'!$D$4:$D$11,#REF!,'07.08'!$E$4:$E$11)+SUMIF('07.08'!$F$4:$F$11,#REF!,'07.08'!$G$4:$G$11)+SUMIF('07.08'!$H$4:$H$11,#REF!,'07.08'!$I$4:$I$11)+SUMIF('07.08'!$J$4:$J$11,#REF!,'07.08'!$K$4:$K$11)+SUMIF('07.08'!$L$4:$L$11,#REF!,'07.08'!$M$4:$M$11)+SUMIF('07.08'!$N$4:$N$11,#REF!,'07.08'!$O$4:$O$11) -> 0 | O56: =SUMIF('08.08'!$B$4:$B$11,#REF!,'08.08'!$C$4:$C$11)+SUMIF('08.08'!$D$4:$D$11,#REF!,'08.08'!$E$4:$E$11)+SUMIF('08.08'!$F$4:$F$11,#REF!,'08.08'!$G$4:$G$11)+SUMIF('08.08'!$H$4:$H$11,#REF!,'08.08'!$I$4:$I$11)+SUMIF('08.08'!$J$4:$J$11,#REF!,'08.08'!$K$4:$K$11)+SUMIF('08.08'!$L$4:$L$11,#REF!,'08.08'!$M$4:$M$11)+SUMIF('08.08'!$N$4:$N$11,#REF!,'08.08'!$O$4:$O$11) -> 0 | P56: =SUMIF('09.08'!$B$4:$B$11,#REF!,'09.08'!$C$4:$C$11)+SUMIF('09.08'!$D$4:$D$11,#REF!,'09.08'!$E$4:$E$11)+SUMIF('09.08'!$F$4:$F$11,#REF!,'09.08'!$G$4:$G$11)+SUMIF('09.08'!$H$4:$H$11,#REF!,'09.08'!$I$4:$I$11)+SUMIF('09.08'!$J$4:$J$11,#REF!,'09.08'!$K$4:$K$11)+SUMIF('09.08'!$L$4:$L$11,#REF!,'09.08'!$M$4:$M$11)+SUMIF('09.08'!$N$4:$N$11,#REF!,'09.08'!$O$4:$O$11) -> 0 | Q56: =SUMIF('10.08'!$B$4:$B$11,#REF!,'10.08'!$C$4:$C$11)+SUMIF('10.08'!$D$4:$D$11,#REF!,'10.08'!$E$4:$E$11)+SUMIF('10.08'!$F$4:$F$11,#REF!,'10.08'!$G$4:$G$11)+SUMIF('10.08'!$H$4:$H$11,#REF!,'10.08'!$I$4:$I$11)+SUMIF('10.08'!$J$4:$J$11,#REF!,'10.08'!$K$4:$K$11)+SUMIF('10.08'!$L$4:$L$11,#REF!,'10.08'!$M$4:$M$11)+SUMIF('10.08'!$N$4:$N$11,#REF!,'10.08'!$O$4:$O$11) -> 0 | R56: =SUMIF('11.08'!$B$4:$B$11,#REF!,'11.08'!$C$4:$C$11)+SUMIF('11.08'!$D$4:$D$11,#REF!,'11.08'!$E$4:$E$11)+SUMIF('11.08'!$F$4:$F$11,#REF!,'11.08'!$G$4:$G$11)+SUMIF('11.08'!$H$4:$H$11,#REF!,'11.08'!$I$4:$I$11)+SUMIF('11.08'!$J$4:$J$11,#REF!,'11.08'!$K$4:$K$11)+SUMIF('11.08'!$L$4:$L$11,#REF!,'11.08'!$M$4:$M$11)+SUMIF('11.08'!$N$4:$N$11,#REF!,'11.08'!$O$4:$O$11) -> #N/A
A57: Металлическая губка | B57: упаковка | C57: 1 | D57: 50 | E57: Долгосрочный | F57: 6 | G57: =IFERROR(CEILING(F57/C57,1),"Введите занчения") -> 6 | H57: =IFERROR(G57*D57,"Введите занчения") -> 300 | I57: =SUMIF('02.08'!$B$4:$B$11,#REF!,'02.08'!$C$4:$C$11)+SUMIF('02.08'!$D$4:$D$11,#REF!,'02.08'!$E$4:$E$11)+SUMIF('02.08'!$F$4:$F$11,#REF!,'02.08'!$G$4:$G$11)+SUMIF('02.08'!$H$4:$H$11,#REF!,'02.08'!$I$4:$I$11)+SUMIF('02.08'!$J$4:$J$11,#REF!,'02.08'!$K$4:$K$11)+SUMIF('02.08'!$L$4:$L$11,#REF!,'02.08'!$M$4:$M$11)+SUMIF('02.08'!$N$4:$N$11,#REF!,'02.08'!$O$4:$O$11) -> 0 | J57: =SUMIF('03.08'!$B$4:$B$11,#REF!,'03.08'!$C$4:$C$11)+SUMIF('03.08'!$D$4:$D$11,#REF!,'03.08'!$E$4:$E$11)+SUMIF('03.08'!$F$4:$F$11,#REF!,'03.08'!$G$4:$G$11)+SUMIF('03.08'!$H$4:$H$11,#REF!,'03.08'!$I$4:$I$11)+SUMIF('03.08'!$J$4:$J$11,#REF!,'03.08'!$K$4:$K$11)+SUMIF('03.08'!$L$4:$L$11,#REF!,'03.08'!$M$4:$M$11)+SUMIF('03.08'!$N$4:$N$11,#REF!,'03.08'!$O$4:$O$11) -> 0 | K57: =SUMIF('04.08'!$B$4:$B$11,#REF!,'04.08'!$C$4:$C$11)+SUMIF('04.08'!$D$4:$D$11,#REF!,'04.08'!$E$4:$E$11)+SUMIF('04.08'!$F$4:$F$11,#REF!,'04.08'!$G$4:$G$11)+SUMIF('04.08'!$H$4:$H$11,#REF!,'04.08'!$I$4:$I$11)+SUMIF('04.08'!$J$4:$J$11,#REF!,'04.08'!$K$4:$K$11)+SUMIF('04.08'!$L$4:$L$11,#REF!,'04.08'!$M$4:$M$11)+SUMIF('04.08'!$N$4:$N$11,#REF!,'04.08'!$O$4:$O$11) -> 0 | L57: =SUMIF('05.08'!$B$4:$B$11,#REF!,'05.08'!$C$4:$C$11)+SUMIF('05.08'!$D$4:$D$11,#REF!,'05.08'!$E$4:$E$11)+SUMIF('05.08'!$F$4:$F$11,#REF!,'05.08'!$G$4:$G$11)+SUMIF('05.08'!$H$4:$H$11,#REF!,'05.08'!$I$4:$I$11)+SUMIF('05.08'!$J$4:$J$11,#REF!,'05.08'!$K$4:$K$11)+SUMIF('05.08'!$L$4:$L$11,#REF!,'05.08'!$M$4:$M$11)+SUMIF('05.08'!$N$4:$N$11,#REF!,'05.08'!$O$4:$O$11) -> 0 | M57: =SUMIF('06.08'!$B$4:$B$11,#REF!,'06.08'!$C$4:$C$11)+SUMIF('06.08'!$D$4:$D$11,#REF!,'06.08'!$E$4:$E$11)+SUMIF('06.08'!$F$4:$F$11,#REF!,'06.08'!$G$4:$G$11)+SUMIF('06.08'!$H$4:$H$11,#REF!,'06.08'!$I$4:$I$11)+SUMIF('06.08'!$J$4:$J$11,#REF!,'06.08'!$K$4:$K$11)+SUMIF('06.08'!$L$4:$L$11,#REF!,'06.08'!$M$4:$M$11)+SUMIF('06.08'!$N$4:$N$11,#REF!,'06.08'!$O$4:$O$11) -> 0 | N57: =SUMIF('07.08'!$B$4:$B$11,#REF!,'07.08'!$C$4:$C$11)+SUMIF('07.08'!$D$4:$D$11,#REF!,'07.08'!$E$4:$E$11)+SUMIF('07.08'!$F$4:$F$11,#REF!,'07.08'!$G$4:$G$11)+SUMIF('07.08'!$H$4:$H$11,#REF!,'07.08'!$I$4:$I$11)+SUMIF('07.08'!$J$4:$J$11,#REF!,'07.08'!$K$4:$K$11)+SUMIF('07.08'!$L$4:$L$11,#REF!,'07.08'!$M$4:$M$11)+SUMIF('07.08'!$N$4:$N$11,#REF!,'07.08'!$O$4:$O$11) -> 0 | O57: =SUMIF('08.08'!$B$4:$B$11,#REF!,'08.08'!$C$4:$C$11)+SUMIF('08.08'!$D$4:$D$11,#REF!,'08.08'!$E$4:$E$11)+SUMIF('08.08'!$F$4:$F$11,#REF!,'08.08'!$G$4:$G$11)+SUMIF('08.08'!$H$4:$H$11,#REF!,'08.08'!$I$4:$I$11)+SUMIF('08.08'!$J$4:$J$11,#REF!,'08.08'!$K$4:$K$11)+SUMIF('08.08'!$L$4:$L$11,#REF!,'08.08'!$M$4:$M$11)+SUMIF('08.08'!$N$4:$N$11,#REF!,'08.08'!$O$4:$O$11) -> 0 | P57: =SUMIF('09.08'!$B$4:$B$11,#REF!,'09.08'!$C$4:$C$11)+SUMIF('09.08'!$D$4:$D$11,#REF!,'09.08'!$E$4:$E$11)+SUMIF('09.08'!$F$4:$F$11,#REF!,'09.08'!$G$4:$G$11)+SUMIF('09.08'!$H$4:$H$11,#REF!,'09.08'!$I$4:$I$11)+SUMIF('09.08'!$J$4:$J$11,#REF!,'09.08'!$K$4:$K$11)+SUMIF('09.08'!$L$4:$L$11,#REF!,'09.08'!$M$4:$M$11)+SUMIF('09.08'!$N$4:$N$11,#REF!,'09.08'!$O$4:$O$11) -> 0 | Q57: =SUMIF('10.08'!$B$4:$B$11,#REF!,'10.08'!$C$4:$C$11)+SUMIF('10.08'!$D$4:$D$11,#REF!,'10.08'!$E$4:$E$11)+SUMIF('10.08'!$F$4:$F$11,#REF!,'10.08'!$G$4:$G$11)+SUMIF('10.08'!$H$4:$H$11,#REF!,'10.08'!$I$4:$I$11)+SUMIF('10.08'!$J$4:$J$11,#REF!,'10.08'!$K$4:$K$11)+SUMIF('10.08'!$L$4:$L$11,#REF!,'10.08'!$M$4:$M$11)+SUMIF('10.08'!$N$4:$N$11,#REF!,'10.08'!$O$4:$O$11) -> 0 | R57: =SUMIF('11.08'!$B$4:$B$11,#REF!,'11.08'!$C$4:$C$11)+SUMIF('11.08'!$D$4:$D$11,#REF!,'11.08'!$E$4:$E$11)+SUMIF('11.08'!$F$4:$F$11,#REF!,'11.08'!$G$4:$G$11)+SUMIF('11.08'!$H$4:$H$11,#REF!,'11.08'!$I$4:$I$11)+SUMIF('11.08'!$J$4:$J$11,#REF!,'11.08'!$K$4:$K$11)+SUMIF('11.08'!$L$4:$L$11,#REF!,'11.08'!$M$4:$M$11)+SUMIF('11.08'!$N$4:$N$11,#REF!,'11.08'!$O$4:$O$11) -> #N/A
A58: Бумажные салфетки | B58: упаковка | C58: 100 | D58: 50 | E58: Долгосрочный | F58: 1000 | G58: =IFERROR(CEILING(F58/C58,1),"Введите занчения") -> 10 | H58: =IFERROR(G58*D58,"Введите занчения") -> 500 | I58: =SUMIF('02.08'!$B$4:$B$11,#REF!,'02.08'!$C$4:$C$11)+SUMIF('02.08'!$D$4:$D$11,#REF!,'02.08'!$E$4:$E$11)+SUMIF('02.08'!$F$4:$F$11,#REF!,'02.08'!$G$4:$G$11)+SUMIF('02.08'!$H$4:$H$11,#REF!,'02.08'!$I$4:$I$11)+SUMIF('02.08'!$J$4:$J$11,#REF!,'02.08'!$K$4:$K$11)+SUMIF('02.08'!$L$4:$L$11,#REF!,'02.08'!$M$4:$M$11)+SUMIF('02.08'!$N$4:$N$11,#REF!,'02.08'!$O$4:$O$11) -> 0 | J58: =SUMIF('03.08'!$B$4:$B$11,#REF!,'03.08'!$C$4:$C$11)+SUMIF('03.08'!$D$4:$D$11,#REF!,'03.08'!$E$4:$E$11)+SUMIF('03.08'!$F$4:$F$11,#REF!,'03.08'!$G$4:$G$11)+SUMIF('03.08'!$H$4:$H$11,#REF!,'03.08'!$I$4:$I$11)+SUMIF('03.08'!$J$4:$J$11,#REF!,'03.08'!$K$4:$K$11)+SUMIF('03.08'!$L$4:$L$11,#REF!,'03.08'!$M$4:$M$11)+SUMIF('03.08'!$N$4:$N$11,#REF!,'03.08'!$O$4:$O$11) -> 0 | K58: =SUMIF('04.08'!$B$4:$B$11,#REF!,'04.08'!$C$4:$C$11)+SUMIF('04.08'!$D$4:$D$11,#REF!,'04.08'!$E$4:$E$11)+SUMIF('04.08'!$F$4:$F$11,#REF!,'04.08'!$G$4:$G$11)+SUMIF('04.08'!$H$4:$H$11,#REF!,'04.08'!$I$4:$I$11)+SUMIF('04.08'!$J$4:$J$11,#REF!,'04.08'!$K$4:$K$11)+SUMIF('04.08'!$L$4:$L$11,#REF!,'04.08'!$M$4:$M$11)+SUMIF('04.08'!$N$4:$N$11,#REF!,'04.08'!$O$4:$O$11) -> 0 | L58: =SUMIF('05.08'!$B$4:$B$11,#REF!,'05.08'!$C$4:$C$11)+SUMIF('05.08'!$D$4:$D$11,#REF!,'05.08'!$E$4:$E$11)+SUMIF('05.08'!$F$4:$F$11,#REF!,'05.08'!$G$4:$G$11)+SUMIF('05.08'!$H$4:$H$11,#REF!,'05.08'!$I$4:$I$11)+SUMIF('05.08'!$J$4:$J$11,#REF!,'05.08'!$K$4:$K$11)+SUMIF('05.08'!$L$4:$L$11,#REF!,'05.08'!$M$4:$M$11)+SUMIF('05.08'!$N$4:$N$11,#REF!,'05.08'!$O$4:$O$11) -> 0 | M58: =SUMIF('06.08'!$B$4:$B$11,#REF!,'06.08'!$C$4:$C$11)+SUMIF('06.08'!$D$4:$D$11,#REF!,'06.08'!$E$4:$E$11)+SUMIF('06.08'!$F$4:$F$11,#REF!,'06.08'!$G$4:$G$11)+SUMIF('06.08'!$H$4:$H$11,#REF!,'06.08'!$I$4:$I$11)+SUMIF('06.08'!$J$4:$J$11,#REF!,'06.08'!$K$4:$K$11)+SUMIF('06.08'!$L$4:$L$11,#REF!,'06.08'!$M$4:$M$11)+SUMIF('06.08'!$N$4:$N$11,#REF!,'06.08'!$O$4:$O$11) -> 0 | N58: =SUMIF('07.08'!$B$4:$B$11,#REF!,'07.08'!$C$4:$C$11)+SUMIF('07.08'!$D$4:$D$11,#REF!,'07.08'!$E$4:$E$11)+SUMIF('07.08'!$F$4:$F$11,#REF!,'07.08'!$G$4:$G$11)+SUMIF('07.08'!$H$4:$H$11,#REF!,'07.08'!$I$4:$I$11)+SUMIF('07.08'!$J$4:$J$11,#REF!,'07.08'!$K$4:$K$11)+SUMIF('07.08'!$L$4:$L$11,#REF!,'07.08'!$M$4:$M$11)+SUMIF('07.08'!$N$4:$N$11,#REF!,'07.08'!$O$4:$O$11) -> 0 | O58: =SUMIF('08.08'!$B$4:$B$11,#REF!,'08.08'!$C$4:$C$11)+SUMIF('08.08'!$D$4:$D$11,#REF!,'08.08'!$E$4:$E$11)+SUMIF('08.08'!$F$4:$F$11,#REF!,'08.08'!$G$4:$G$11)+SUMIF('08.08'!$H$4:$H$11,#REF!,'08.08'!$I$4:$I$11)+SUMIF('08.08'!$J$4:$J$11,#REF!,'08.08'!$K$4:$K$11)+SUMIF('08.08'!$L$4:$L$11,#REF!,'08.08'!$M$4:$M$11)+SUMIF('08.08'!$N$4:$N$11,#REF!,'08.08'!$O$4:$O$11) -> 0 | P58: =SUMIF('09.08'!$B$4:$B$11,#REF!,'09.08'!$C$4:$C$11)+SUMIF('09.08'!$D$4:$D$11,#REF!,'09.08'!$E$4:$E$11)+SUMIF('09.08'!$F$4:$F$11,#REF!,'09.08'!$G$4:$G$11)+SUMIF('09.08'!$H$4:$H$11,#REF!,'09.08'!$I$4:$I$11)+SUMIF('09.08'!$J$4:$J$11,#REF!,'09.08'!$K$4:$K$11)+SUMIF('09.08'!$L$4:$L$11,#REF!,'09.08'!$M$4:$M$11)+SUMIF('09.08'!$N$4:$N$11,#REF!,'09.08'!$O$4:$O$11) -> 0 | Q58: =SUMIF('10.08'!$B$4:$B$11,#REF!,'10.08'!$C$4:$C$11)+SUMIF('10.08'!$D$4:$D$11,#REF!,'10.08'!$E$4:$E$11)+SUMIF('10.08'!$F$4:$F$11,#REF!,'10.08'!$G$4:$G$11)+SUMIF('10.08'!$H$4:$H$11,#REF!,'10.08'!$I$4:$I$11)+SUMIF('10.08'!$J$4:$J$11,#REF!,'10.08'!$K$4:$K$11)+SUMIF('10.08'!$L$4:$L$11,#REF!,'10.08'!$M$4:$M$11)+SUMIF('10.08'!$N$4:$N$11,#REF!,'10.08'!$O$4:$O$11) -> 0 | R58: =SUMIF('11.08'!$B$4:$B$11,#REF!,'11.08'!$C$4:$C$11)+SUMIF('11.08'!$D$4:$D$11,#REF!,'11.08'!$E$4:$E$11)+SUMIF('11.08'!$F$4:$F$11,#REF!,'11.08'!$G$4:$G$11)+SUMIF('11.08'!$H$4:$H$11,#REF!,'11.08'!$I$4:$I$11)+SUMIF('11.08'!$J$4:$J$11,#REF!,'11.08'!$K$4:$K$11)+SUMIF('11.08'!$L$4:$L$11,#REF!,'11.08'!$M$4:$M$11)+SUMIF('11.08'!$N$4:$N$11,#REF!,'11.08'!$O$4:$O$11) -> #N/A
